StationId,StationName,CountyName,TownName,StationLatitude,StationLongitude,StationAltitude,DateTime,Past1hr,Past10Min,Past3hr,Past6hr,Past12hr,Past24hr,NOW,Past2days,Past3days
C0T9E0,大坑,花蓮縣,壽豐鄉,23.880628,121.581981,415,2025/7/29 00:00,0,0,0,5.5,12,13,13,13,13.5
C0T9G0,鳳林山,花蓮縣,鳳林鎮,23.735269,121.420131,605,2025/7/29 00:00,0,0,0,8,48.5,55,55,55,56.5
C1S820,金峰,臺東縣,金峰鄉,22.590969,120.933236,177,2025/7/29 00:00,0.5,0,0.5,0.5,7.5,32.5,32.5,32.5,33.5
C0S790,金崙,臺東縣,太麻里鄉,22.538122,120.966875,236,2025/7/29 00:00,0,0,0,0,4,10,10,10,10.5
C0S840,南田,臺東縣,達仁鄉,22.279725,120.889208,22,2025/7/29 00:00,5.5,0.5,7.5,7.5,8,8,8,8,8.5
C1S800,華源,臺東縣,太麻里鄉,22.657883,121.02325,80,2025/7/29 00:00,0,0,0,0,3.5,13,13,13,14
C0U750,龜山島,宜蘭縣,頭城鎮,24.841667,121.953133,398,2025/7/29 00:00,0,0,0.5,0.5,0.5,0.5,0.5,41.5,41.5
C1M610,石磐龍,嘉義縣,竹崎鄉,23.496606,120.663506,1083,2025/7/29 00:00,0,0,0,0,43,63.5,63.5,81.5,183.5
C1M600,頭凍,嘉義縣,番路鄉,23.406364,120.603339,986,2025/7/29 00:00,0,0,0,0.5,81,129,129,135.5,215.5
C1I340,新興橋,南投縣,信義鄉,23.563333,120.868728,897,2025/7/29 00:00,0,0,0.5,0.5,0.5,16,16,17.5,40
C1I330,楓樹林,南投縣,仁愛鄉,23.986803,121.076117,1266,2025/7/29 00:00,0,0,0,2,5,47,47,50,105.5
C1I320,奧萬大,南投縣,仁愛鄉,23.952956,121.178556,1275,2025/7/29 00:00,0,0,0,7,16.5,55.5,55.5,57,88.5
C1I310,西巒,南投縣,信義鄉,23.754486,120.883956,1033,2025/7/29 00:00,0,0,0,0,16.5,28,28,56,118
C1I290,豐丘,南投縣,信義鄉,23.668178,120.887417,1151,2025/7/29 00:00,0,0,0,0,10.5,26,26,30,53.5
C1I280,埔中,南投縣,名間鄉,23.820778,120.642594,439,2025/7/29 00:00,0,0,0,0,2.5,48.5,48.5,63.5,131
C1I260,北坑,南投縣,埔里鎮,23.9246,121.006903,601,2025/7/29 00:00,0,0,0,0,0.5,19,19,25,75
C1I250,鯉潭,南投縣,埔里鎮,23.961922,120.991131,732,2025/7/29 00:00,0,0,0,0,0,24.5,24.5,29.5,87
C1I240,外大坪,南投縣,埔里鎮,23.958697,120.917931,725,2025/7/29 00:00,0,0,0,0,0,61,61,77,147
C1I220,樟湖,南投縣,國姓鄉,23.905333,120.846983,1098,2025/7/29 00:00,0,0,0,0,0,50.5,50.5,69,167
C1I211,蘆竹湳,南投縣,中寮鄉,23.934019,120.811994,529,2025/7/29 00:00,0,0,0,0.5,1,50,50,56.5,137.5
C1I201,中心崙,南投縣,竹山鎮,23.728722,120.712097,677,2025/7/29 00:00,0,0,0,0,0,20.5,20.5,28.5,112.5
C2FA00,烏石坑,臺中市,和平區,24.273503,120.947617,983,2025/7/29 00:00,0,0,0,0.5,4.5,40,40,45,83
C1F9G1,慶福山,臺中市,東勢區,24.180853,120.848378,810,2025/7/29 00:00,0,0,0,0.5,1,29.5,29.5,38.5,71.5
C1E721,泰安,苗栗縣,泰安鄉,24.489017,120.968036,1409,2025/7/29 00:00,0,0,0,1.5,15,23,23,35,90
C1E711,馬拉邦山,苗栗縣,大湖鄉,24.367306,120.901656,990,2025/7/29 00:00,0,0,0,1,4,36,36,47.5,125
C1E701,八卦,苗栗縣,泰安鄉,24.491756,120.927619,737,2025/7/29 00:00,0,0,0,1.5,5.5,27,27,59.5,107
C1E691,南湖,苗栗縣,大湖鄉,24.40135,120.837533,786,2025/7/29 00:00,0,0,0,0.5,0.5,39,39,85,119
C1E681,南勢山,苗栗縣,泰安鄉,24.421669,120.923831,977,2025/7/29 00:00,0,0,0,1,2,19,19,35,96.5
C1F9F1,伯公龍,臺中市,東勢區,24.272392,120.849047,500,2025/7/29 00:00,0,0,0.5,0.5,1,39.5,39.5,50.5,94
C1F9E1,龍安,臺中市,新社區,24.1605,120.831961,563,2025/7/29 00:00,0,0,0.5,2,3,42.5,42.5,54.5,93
C1F9D1,白毛台,臺中市,新社區,24.158325,120.886933,639,2025/7/29 00:00,0,0,0,0.5,5,43,43,49.5,79.5
C1F9C1,白冷,臺中市,和平區,24.182844,120.929889,610,2025/7/29 00:00,0,0,0,0,5.5,33,33,43,87.5
C1F9B1,桐林,臺中市,霧峰區,24.066172,120.735194,130,2025/7/29 00:00,0,0,0,2.5,3.5,46.5,46.5,63,81
C1F9J1,清水林,臺中市,太平區,24.071242,120.820419,723,2025/7/29 00:00,0,0,0,3.5,7,56,56,70.5,145.5
C2F9A0,中竹林,臺中市,太平區,24.103556,120.751061,425,2025/7/29 00:00,0,0,0,5,8,54.5,54.5,69.5,99.5
C1E670,南礦,苗栗縣,南庄鄉,24.538278,121.002836,1209,2025/7/29 00:00,0,0,0,2.5,26.5,33.5,33.5,51.5,88
C0T9B0,水源,花蓮縣,秀林鄉,23.991861,121.537169,558,2025/7/29 00:00,0,0,0,3.5,108.5,112.5,112.5,112.5,113.5
C0T9A0,月眉山,花蓮縣,壽豐鄉,23.809928,121.539828,498,2025/7/29 00:00,0,0,0,5,16,17.5,17.5,17.5,17.5
C0T790,大禹嶺,花蓮縣,秀林鄉,24.186117,121.316086,2830,2025/7/29 00:00,0,0,1.5,20.5,23,47,47,50.5,52
C1A9N0,四十份,新北市,新店區,24.934158,121.593283,435,2025/7/29 00:00,0,0,3,3.5,4,5,5,8.5,14.5
C0AC60,三峽,新北市,三峽區,24.939025,121.369728,55,2025/7/29 00:00,0,0,2,14.5,14.5,16,16,18.5,21
C0AH00,汐止,新北市,汐止區,25.066881,121.658778,38,2025/7/29 00:00,2,0,9.5,9.5,10,10.5,10.5,14,14.5
C0A550,泰平,新北市,雙溪區,24.971197,121.823711,422,2025/7/29 00:00,0,0,0,0,0,0,0,5,6
C0A530,坪林,新北市,坪林區,24.938183,121.70975,300,2025/7/29 00:00,0,0,0.5,0.5,3,4,4,7,9
C1R290,石門山,屏東縣,牡丹鄉,22.112611,120.756597,260,2025/7/29 00:00,5,1,19,20,20.5,20.5,20.5,21,24
C0AC70,信義,臺北市,信義區,25.037822,121.564597,71,2025/7/29 00:00,0,0,13.5,14,14,14,14,16.5,17.5
C0A9F0,內湖,臺北市,內湖區,25.079422,121.57545,35,2025/7/29 00:00,0,0,28,32.5,32.5,32.5,32.5,34.5,37
C0A9C0,天母,臺北市,士林區,25.117494,121.537169,35,2025/7/29 00:00,0,0,23,35,35,37,37,39,42.5
C0A980,社子,臺北市,士林區,25.109508,121.469681,11,2025/7/29 00:00,0,0,7.5,8,8.5,8.5,8.5,15,17
C0R270,琉球嶼,屏東縣,琉球鄉,22.332244,120.362236,51,2025/7/29 00:00,0,0,16,23,23,23.5,23.5,23.5,44.5
C0R350,貓鼻頭,屏東縣,恆春鎮,21.921689,120.735817,35,2025/7/29 00:00,6,1,39,40,40,40,40,40,42.5
C0R320,車城,屏東縣,車城鄉,22.0744,120.716247,7,2025/7/29 00:00,7,1.5,21.5,22,24.5,24.5,24.5,24.5,27
C1S880,壽卡,臺東縣,達仁鄉,22.238911,120.858903,474,2025/7/29 00:00,13,2.5,17,17,17.5,18.5,18.5,25.5,30.5
C0R280,檳榔,屏東縣,滿州鄉,22.076075,120.836794,242,2025/7/29 00:00,12,1.5,35.5,36,36,36,36,41,42.5
C1R250,力里,屏東縣,春日鄉,22.428117,120.629228,92,2025/7/29 00:00,4.5,0.5,15.5,16,28.5,100,100,101.5,137
C0Z070,舞鶴,花蓮縣,瑞穗鄉,23.468114,121.374069,247,2025/7/29 00:00,0,0,0,2.5,7.5,15.5,15.5,15.5,15.5
C0S770,大溪山,臺東縣,太麻里鄉,22.478475,120.943325,375,2025/7/29 00:00,0.5,0,2.5,2.5,7,11.5,11.5,12,12.5
C0Z061,玉里,花蓮縣,玉里鎮,23.3215,121.339656,174,2025/7/29 00:00,0,0,0,0.5,0.5,12,12,12,12
C0Z050,佳心,花蓮縣,卓溪鄉,23.345667,121.213164,830,2025/7/29 00:00,0,0,0,0.5,0.5,12.5,12.5,12.5,12.5
C0S750,向陽,臺東縣,海端鄉,23.248397,120.986133,2280,2025/7/29 00:00,0,0,0,0,1,17.5,17.5,18.5,19
C0S740,池上,臺東縣,池上鄉,23.119628,121.209469,289,2025/7/29 00:00,0,0,0,0,0,10,10,10,10
C0S730,綠島,臺東縣,綠島鄉,22.667203,121.475328,110,2025/7/29 00:00,0.5,0.5,0.5,0.5,0.5,3.5,3.5,3.5,3.5
C0T9M0,靜浦,花蓮縣,豐濱鄉,23.455167,121.495028,92,2025/7/29 00:00,0,0,0,0.5,1.5,7.5,7.5,7.5,8
C0S710,鹿野,臺東縣,鹿野鄉,22.917711,121.122994,382,2025/7/29 00:00,0,0,0,0,0.5,11.5,11.5,11.5,11.5
C0S700,知本,臺東縣,卑南鄉,22.684872,121.005644,507,2025/7/29 00:00,0,0,0,0,4.5,20.5,20.5,20.5,21
C0S690,太麻里,臺東縣,太麻里鄉,22.609022,120.985328,522,2025/7/29 00:00,0,0,0,0,5,17,17,17,18.5
C1S670,摩天,臺東縣,海端鄉,23.199503,121.027,1580,2025/7/29 00:00,0,0,0,0,0,10.5,10.5,10.5,10.5
C1Z040,立山,花蓮縣,卓溪鄉,23.443356,121.327375,434,2025/7/29 00:00,0,0,0,6,11.5,21.5,21.5,21.5,21.5
C1Z030,紅葉,花蓮縣,萬榮鄉,23.493119,121.338806,218,2025/7/29 00:00,0,0,0.5,2.5,8,15.5,15.5,15.5,16
C0Z020,明里,花蓮縣,富里鄉,23.208717,121.262342,211,2025/7/29 00:00,0,0,0,0,0,11,11,11,11
C0S830,長濱,臺東縣,長濱鄉,23.286817,121.411975,288,2025/7/29 00:00,0,0,0,0.5,0.5,9.5,9.5,9.5,9.5
C0S810,東河,臺東縣,東河鄉,22.972672,121.303986,65,2025/7/29 00:00,0,0,0,0,0,6,6,6,6
C0T960,光復,花蓮縣,光復鄉,23.660694,121.424964,120,2025/7/29 00:00,0,0,0.5,7.5,27,31,31,31,31
C0T870,鯉魚潭,花蓮縣,壽豐鄉,23.935639,121.508944,135,2025/7/29 00:00,0,0,0,4.5,13.5,17,17,17,18
C0T820,天祥,花蓮縣,秀林鄉,24.179597,121.495639,550,2025/7/29 00:00,0,0,0.5,3,15,24.5,24.5,25,25
C1T830,布洛灣,花蓮縣,秀林鄉,24.171842,121.571269,675,2025/7/29 00:00,0,0,0,0.5,18.5,25.5,25.5,26,26
C1T970,大農,花蓮縣,光復鄉,23.615233,121.413331,183,2025/7/29 00:00,0,0,0,3.5,28,33.5,33.5,34,34
C1T950,太安,花蓮縣,萬榮鄉,23.666719,121.370128,1050,2025/7/29 00:00,0,0,0,5.5,80.5,90,90,90.5,105
C1T940,大觀,花蓮縣,萬榮鄉,23.714206,121.373133,539,2025/7/29 00:00,0,0,0,9.5,31.5,42,42,42,43
C0T900,西林,花蓮縣,萬榮鄉,23.8119,121.441458,160,2025/7/29 00:00,0,0,0,5.5,63.5,66.5,66.5,66.5,68
C1T920,中興,花蓮縣,壽豐鄉,23.769503,121.498653,68,2025/7/29 00:00,0,0,0,5,23,24.5,24.5,24.5,24.5
C1T980,龍澗,花蓮縣,秀林鄉,24.023289,121.411328,1306,2025/7/29 00:00,0,0,0,7,31.5,38,38,38,42
C1T810,慈恩,花蓮縣,秀林鄉,24.192044,121.388386,2049,2025/7/29 00:00,0,0,0.5,13,16,32,32,32.5,32.5
C0U710,太平山,宜蘭縣,大同鄉,24.505486,121.525656,1942,2025/7/29 00:00,0,0,0.5,5,11,11,11,13.5,36
C0U650,玉蘭,宜蘭縣,大同鄉,24.675286,121.587061,442,2025/7/29 00:00,0,0,0,2,22.5,22.5,22.5,24,28.5
C0U600,礁溪,宜蘭縣,礁溪鄉,24.817539,121.765608,10,2025/7/29 00:00,0,0,0,0,0,0.5,0.5,29,34.5
C0A970,三貂角,新北市,貢寮區,25.007606,122.002058,96,2025/7/29 00:00,0,0,6,9,9,9,9,14.5,14.5
C0U520,雙連埤,宜蘭縣,員山鄉,24.753033,121.641303,517,2025/7/29 00:00,0,0,0,7,17,17.5,17.5,19,22.5
C1U670,寒溪,宜蘭縣,冬山鄉,24.634003,121.716908,105,2025/7/29 00:00,0,0,0.5,0.5,3.5,3.5,3.5,4,5.5
C0A940,金山,新北市,金山區,25.223628,121.643967,49,2025/7/29 00:00,6.5,0,12,13,20,20,20,25,25.5
C0A931,三和,新北市,金山區,25.233153,121.595236,216,2025/7/29 00:00,0.5,0,11,11.5,24,24,24,28.5,36.5
C0A890,雙溪,新北市,雙溪區,25.036003,121.864242,40,2025/7/29 00:00,0,0,1.5,2,2,2,2,6.5,7
C0A870,五指山,新北市,汐止區,25.132153,121.608692,685,2025/7/29 00:00,1.5,0,16,16,16,16.5,16.5,18,23
C0A860,大坪,新北市,萬里區,25.165914,121.632969,362,2025/7/29 00:00,4,0,7.5,7.5,12,12,12,14.5,17
C0A950,鼻頭角,新北市,瑞芳區,25.129036,121.923372,60,2025/7/29 00:00,0,0,10,14,14,14,14,16,17.5
C0X080,佳里,臺南市,佳里區,23.173039,120.145086,2,2025/7/29 00:00,0.5,0,1,1,18.5,52,52,52,86
C0K291,宜梧,雲林縣,口湖鄉,23.536267,120.169311,8,2025/7/29 00:00,0,0,0,0,1.5,260,260,266.5,320.5
C0K280,四湖,雲林縣,四湖鄉,23.630414,120.227125,23,2025/7/29 00:00,0,0,0,0,0.5,99,99,117.5,148
C0K330,虎尾,雲林縣,虎尾鎮,23.719183,120.442036,38,2025/7/29 00:00,0,0,0,0,55.5,144.5,144.5,167,196
C0M530,奮起湖,嘉義縣,竹崎鄉,23.493903,120.699253,1385,2025/7/29 00:00,0,0,0,0,27,50.5,50.5,75.5,172
C1I150,青雲,南投縣,信義鄉,23.793361,120.949378,393,2025/7/29 00:00,0,0,0,0,1.5,11.5,11.5,60.5,103
C1M480,獨立山,嘉義縣,竹崎鄉,23.537022,120.607797,840,2025/7/29 00:00,0,0,0,0,22,49.5,49.5,62,160
C0X050,東河,臺南市,東山區,23.296581,120.385592,25,2025/7/29 00:00,0,0,0,0,88,319.5,319.5,333,373.5
C0M520,東後寮,嘉義縣,義竹鄉,23.369892,120.248047,15,2025/7/29 00:00,1,1,1,1,25,347.5,347.5,349,417.5
C0X060,下營,臺南市,下營區,23.226933,120.256242,19,2025/7/29 00:00,0,0,0.5,0.5,65.5,84,84,85.5,116
C0X290,北門,臺南市,北門區,23.267772,120.125481,10,2025/7/29 00:00,0,0,0.5,0.5,14,65,65,66,77.5
C1X040,東原,臺南市,東山區,23.291597,120.463822,232,2025/7/29 00:00,0,0,0,0,96.5,363,363,401,442.5
C0H990,昆陽,南投縣,仁愛鄉,24.121322,121.273642,3076,2025/7/29 00:00,0,0,1,30,43,66,66,71.5,91.5
C1I070,和社,南投縣,信義鄉,23.591131,120.888861,825,2025/7/29 00:00,0,0,0.5,0.5,0.5,15,15,16.5,33.5
C1I020,萬大,南投縣,仁愛鄉,23.979817,121.132261,1120,2025/7/29 00:00,0,0,0,4.5,8.5,51,51,53.5,109
C1H000,翠峰,南投縣,仁愛鄉,24.109397,121.205211,2454,2025/7/29 00:00,0,0,0.5,34,54.5,78.5,78.5,92,122.5
C1I030,武界,南投縣,仁愛鄉,23.913225,121.052483,948,2025/7/29 00:00,0,0,0,0,14,32,32,35,69
C0G650,員林,彰化縣,員林市,23.946503,120.585597,34,2025/7/29 00:00,0,0,0,0,5.5,41,41,50,88
C0TA80,立霧山,花蓮縣,秀林鄉,24.183258,121.641899,1108,2025/7/29 00:00,0,0,0,0.5,26,30,30,30.5,35
C0TA50,和仁,花蓮縣,秀林鄉,24.241394,121.712472,3,2025/7/29 00:00,0,0,0,1.5,12.5,13,13,13,13.5
C0TA40,秀林,花蓮縣,秀林鄉,24.302863,121.731144,930,2025/7/29 00:00,0,0,0,1.5,8,8,8,8.5,9
C0UB90,太平山莊,宜蘭縣,大同鄉,24.494171,121.536209,1925,2025/7/29 00:00,0,0,0.5,5.5,15.5,15.5,15.5,19,31
C0UB80,翠峰林道6K,宜蘭縣,大同鄉,24.49773,121.568625,1981,2025/7/29 00:00,0,0,0.5,3.5,6.5,6.5,6.5,15,48
C0UB70,太平山中間站,宜蘭縣,大同鄉,24.542003,121.513453,890,2025/7/29 00:00,0,0,0,3,5,5,5,7,16.5
C0UB60,明池,宜蘭縣,大同鄉,24.650688,121.475277,1163,2025/7/29 00:00,0,0,0,13,57,57,57,58,69
C0C800,四稜,桃園市,復興區,24.64733,121.4293,1167,2025/7/29 00:00,0,0,0,26.5,84,84,84,85.5,92.5
C0C790,東眼山,桃園市,復興區,24.8284,121.40888,858,2025/7/29 00:00,0.5,0,1,8,9,14,14,24,42.5
C0D760,大坪苗圃,新竹縣,五峰鄉,24.5362,121.1108,1371,2025/7/29 00:00,0,0,0.5,19,46.5,49,49,55.5,62
C0D750,樂山林道6k,新竹縣,五峰鄉,24.49999,121.08773,2292,2025/7/29 00:00,0,0,0,41.5,73.5,82,82,90.5,118.5
C0E960,觀霧分站,苗栗縣,泰安鄉,24.505781,121.113921,2094,2025/7/29 00:00,0,0,1,13.5,70,75.5,75.5,82.5,102.5
C0E940,雪見,苗栗縣,泰安鄉,24.42595,121.01347,1881,2025/7/29 00:00,0,0,0,8.5,47,56.5,56.5,66,106.5
C0FB20,雪山橋,臺中市,和平區,24.23192,120.9786,2006,2025/7/29 00:00,0,0,0,6.5,66,109.5,109.5,129.5,186
C0FB10,出雲山苗圃,臺中市,和平區,24.23105,120.90475,1034,2025/7/29 00:00,0,0,0,0.5,10.5,44.5,44.5,55,113.5
C0FB00,大雪山,臺中市,和平區,24.254668,121.007374,2275,2025/7/29 00:00,0,0,0,9,51.5,89,89,108.5,147.5
C0FA90,小雪山林道,臺中市,和平區,24.29515,121.03651,2940,2025/7/29 00:00,0,0,0,10.5,32,63.5,63.5,75,98
C0FA80,小雪山天池,臺中市,和平區,24.28025,121.02627,2629,2025/7/29 00:00,0,0,0.5,5,40.5,77,77,94,127.5
C0FA70,大雪山埡口,臺中市,和平區,24.26867,121.03062,2591,2025/7/29 00:00,0,0,0.5,14,63,102.5,102.5,123,157.5
C0FA60,鞍馬山工作站,臺中市,和平區,24.267064,121.000793,2137,2025/7/29 00:00,0,0,0.5,7,54.5,92,92,110.5,155.5
C0AK30,硬漢嶺,新北市,八里區,25.136097,121.426372,607,2025/7/29 00:00,0,0,2.5,4,7,7.5,7.5,16,19.5
C0TA30,鹽寮,花蓮縣,壽豐鄉,23.845606,121.592664,11,2025/7/29 00:00,0,0,0,5,7.5,8,8,8,8
C0R960,內埔,屏東縣,內埔鄉,22.608483,120.570714,58,2025/7/29 00:00,8.5,0,16.5,16.5,80.5,166,166,215.5,268
C0E570,白沙屯,苗栗縣,通霄鎮,24.549447,120.696803,31,2025/7/29 00:00,0,0,0.5,7.5,29,43.5,43.5,111.5,111.5
C0R950,萬隆國小,屏東縣,新埤鄉,22.507667,120.587817,51,2025/7/29 00:00,22,0.5,60.5,64.5,89.5,167,167,167,187.5
C0W240,九宮,金門縣,烈嶼鄉,24.423753,118.240186,52,2025/7/29 00:00,0,0,1.5,1.5,2.5,2.5,2.5,11,11
C0G9B0,和美,彰化縣,和美鎮,24.105169,120.492131,26,2025/7/29 00:00,0,0,0,0,14.5,34.5,34.5,78.5,79.5
C0FB70,大甲溪埔,臺中市,大甲區,24.370625,120.620067,41,2025/7/29 00:00,0,0,3,18,95.5,213,213,363.5,363.5
C0TA20,加灣,花蓮縣,秀林鄉,24.082025,121.608944,45,2025/7/29 00:00,0,0,0,0,5,10,10,10,10.5
C0TA10,花蓮漁港,花蓮縣,花蓮市,23.995322,121.638331,17,2025/7/29 00:00,0,0,0,1.5,5.5,7.5,7.5,7.5,7.5
C0SB80,長濱漁港,臺東縣,長濱鄉,23.313644,121.459994,53,2025/7/29 00:00,0,0,0,0,0,8.5,8.5,8.5,8.5
C0SB70,小港漁港,臺東縣,成功鎮,23.158558,121.400431,28,2025/7/29 00:00,0,0,0,0,0,8,8,8,8
C0SB60,白守蓮,臺東縣,成功鎮,23.126769,121.401914,20,2025/7/29 00:00,0,0,0,0,0,8.5,8.5,9,9
C0SB50,叭嗡嗡,臺東縣,成功鎮,23.047062,121.343223,7,2025/7/29 00:00,0,0,0,0,0,7,7,7,7
C0SB30,新蘭,臺東縣,東河鄉,22.869214,121.223228,60,2025/7/29 00:00,0,0,0,0,0,8.5,8.5,8.5,8.5
C0SB20,富岡,臺東縣,臺東市,22.792467,121.192669,29,2025/7/29 00:00,0,0,0,0,0,10.5,10.5,10.5,10.5
C0SB10,美和,臺東縣,太麻里鄉,22.682078,121.060236,28,2025/7/29 00:00,0,0,0,0,2.5,10,10,10,10.5
C0AK10,太平里,新北市,林口區,25.134937,121.364899,18,2025/7/29 00:00,0,0,4,4.5,6,6.5,6.5,17.5,19.5
C0V910,大樹,高雄市,大樹區,22.684645,120.432803,50,2025/7/29 00:00,1,0.5,6.5,7.5,53,112,112,131.5,141
C2V310,美濃,高雄市,美濃區,22.898792,120.51907,51,2025/7/29 00:00,0,0,0,0,79.5,138.5,138.5,168,202
C2R170,屏東,屏東縣,屏東市,22.660269,120.494027,35,2025/7/29 00:00,1,0.5,1.5,3,86,180,180,225,246.5
C2M970,碧湖,嘉義縣,梅山鄉,23.568632,120.624165,1019,2025/7/29 00:00,0,0,0,0.5,6.5,25.5,25.5,32.5,120.5
C2M960,外寮,嘉義縣,梅山鄉,23.562643,120.665688,1126,2025/7/29 00:00,0,0,0,0,8,28,28,58,110
C2H9U0,鳳鵬,南投縣,鹿谷鄉,23.763919,120.788061,343,2025/7/29 00:00,0,0,0,0,0,18,18,22.5,108
C2H9T0,名間竹圍,南投縣,名間鄉,23.859914,120.637572,317,2025/7/29 00:00,0,0,0,0,2.5,34,34,40,106.5
C2R970,屏科大,屏東縣,內埔鄉,22.648275,120.619247,128,2025/7/29 00:00,7,1,10.5,10.5,78,188.5,188.5,248,278
C2H9S0,龍南,南投縣,國姓鄉,23.953536,120.833183,1000,2025/7/29 00:00,0,0,0,0,10,72,72,85.5,172.5
C2H9R0,卓社,南投縣,仁愛鄉,23.887894,121.000086,1301,2025/7/29 00:00,0,0,0,0,22.5,42,42,52,103.5
C2H9Q0,北東眼山,南投縣,仁愛鄉,24.120939,121.189303,2032,2025/7/29 00:00,0,0,0.5,34.5,60.5,86.5,86.5,102,128.5
C2H9P0,伊拿谷,南投縣,仁愛鄉,23.963211,121.088264,913,2025/7/29 00:00,0,0,0,2.5,17,43,43,44.5,83.5
C2H9N0,仁愛東眼,南投縣,仁愛鄉,24.026875,121.1205,1439,2025/7/29 00:00,0.5,0,0.5,4.5,9.5,50.5,50.5,54,89
C2H9M0,發祥,南投縣,仁愛鄉,24.154094,121.164517,1255,2025/7/29 00:00,0,0,0.5,34,53.5,81,81,91,102.5
C2H9L0,馬烈霸,南投縣,仁愛鄉,24.1512,121.201772,1999,2025/7/29 00:00,0,0,1.5,40.5,50.5,76.5,76.5,87.5,110
C2H9J0,中台,南投縣,埔里鎮,23.9996,120.938739,545,2025/7/29 00:00,0,0,0,0,0,54.5,54.5,71,132
C2E970,八甲,苗栗縣,苗栗市,24.535811,120.795983,175,2025/7/29 00:00,0,0,0.5,13,13.5,24,24,123,124
C2G9A0,畜試所彰化,彰化縣,北斗鎮,23.86045,120.557964,51,2025/7/29 00:00,0,0,0,0,7,47,47,61,99.5
C2H9H0,苗改南投蜂場,南投縣,名間鄉,23.852589,120.693481,158,2025/7/29 00:00,0,0,0,0,0,30.5,30.5,41.5,108.5
C2K630,荷苞,雲林縣,古坑鄉,23.657717,120.595144,173,2025/7/29 00:00,0,0,0,0,2,24.5,24.5,44.5,143.5
C2M950,太和,嘉義縣,梅山鄉,23.538372,120.702961,1367,2025/7/29 00:00,0,0,0,0,11.5,25.5,25.5,41.5,100.5
C2M940,日野賀,嘉義縣,阿里山鄉,23.434056,120.727169,1112,2025/7/29 00:00,0,0,0,0,26.5,55,55,79.5,149
C2M930,石卓,嘉義縣,竹崎鄉,23.478744,120.702264,1548,2025/7/29 00:00,0,0,0,0.5,26,52.5,52.5,76.5,149
C2H9G0,百勝,南投縣,國姓鄉,24.051142,120.909361,502,2025/7/29 00:00,0,0,0,0,0.5,56,56,73,140
C2H9F0,柑林,南投縣,國姓鄉,24.018658,120.847072,281,2025/7/29 00:00,0,0,0,0.5,1,57.5,57.5,69.5,150
C2H9E0,國姓南港,南投縣,國姓鄉,23.911108,120.846556,1166,2025/7/29 00:00,0,0,0,0,0.5,55,55,72,173.5
C2H9D0,三隻寮,南投縣,國姓鄉,24.093078,120.861578,741,2025/7/29 00:00,0,0,0,2.5,2.5,44.5,44.5,56.5,106
C2FB60,頭櫃山,臺中市,新社區,24.129842,120.858925,1117,2025/7/29 00:00,0,0,0,2.5,9.5,63.5,63.5,79.5,124
C2FB50,出雲,臺中市,和平區,24.206469,120.902794,1070,2025/7/29 00:00,0,0,0,0,9.5,37,37,47.5,91.5
C2K620,馬光農場,雲林縣,虎尾鎮,23.721453,120.378864,24,2025/7/29 00:00,0,0,0,0,24,96,96,102.5,149
C2H9W0,大坪頂農水,南投縣,埔里鎮,24.043122,120.932781,724,2025/7/29 00:00,0,0,0,0,0.5,56.5,56.5,67.5,129.5
C2M920,朴子農改,嘉義縣,朴子市,23.469889,120.259383,7,2025/7/29 00:00,0,0,0,0,30.5,434.5,434.5,445,486
C2F990,摩天嶺,臺中市,和平區,24.322458,120.936819,1018,2025/7/29 00:00,0,0,0,0.5,1,29,29,36,89
C2K610,草嶺石壁,雲林縣,古坑鄉,23.602469,120.707731,1143,2025/7/29 00:00,0,0,0,0,9.5,33,33,45.5,120.5
C2G980,田頭村,彰化縣,埤頭鄉,23.8263,120.444175,27,2025/7/29 00:00,0,0,0,0,18.5,72.5,72.5,85,105
C2D740,屯原,南投縣,仁愛鄉,24.067969,121.209389,2047,2025/7/29 00:00,0,0,0.5,20,64.5,91,91,97.5,128.5
C2D730,寶山農場,新竹縣,寶山鄉,24.732444,120.976153,78,2025/7/29 00:00,0,0,0.5,51,74,79,79,133,133.5
C2D720,關西工作站,新竹縣,關西鎮,24.757275,121.184792,164,2025/7/29 00:00,0,0,0.5,5.5,15,16.5,16.5,31.5,38
C2M910,嘉義大學,嘉義市,東區,23.471325,120.485903,68,2025/7/29 00:00,0,0,0,0,67,182.5,182.5,190,298.5
81S570,月眉國小,臺東縣,關山鎮,23.010004,121.148008,200,2025/7/29 00:00,0,0,0,2.5,3.5,10,10,11,11
81HB40,東埔吊橋,南投縣,信義鄉,23.561737,120.922408,1100,2025/7/29 00:00,0,0,0,0,0,16,16,16.5,31.5
467290,古坑,雲林縣,古坑鄉,23.633639,120.55188,90,2025/7/29 00:00,0,0,0,0,4.5,42.5,42.5,66.5,178
CAUB50,國五S047K,宜蘭縣,羅東鎮,24.675456,121.79458,38,2025/7/29 00:00,0,0,0,0,0,0.5,0.5,1,1
CAUB40,國五S041K,宜蘭縣,壯圍鄉,24.734764,121.78192,37,2025/7/29 00:00,0,0,0,0,0.5,0.5,0.5,2,2.5
CAUB30,國五S031K,宜蘭縣,礁溪鄉,24.819144,121.78237,40,2025/7/29 00:00,0,0,0,0,0,0.5,0.5,37,40.5
CAAD90,國五N013K,新北市,坪林區,24.947603,121.7055,280,2025/7/29 00:00,0,0,0,0,1.5,2,2,5,7.5
CAAD80,國五N008K,新北市,石碇區,24.982411,121.66808,217,2025/7/29 00:00,1,0.5,4,4,7,7.5,7.5,10,13
CAAD70,國五S006K,新北市,石碇區,24.989964,121.65697,187,2025/7/29 00:00,0.5,0.5,3.5,3.5,5.5,5.5,5.5,8,12.5
CAAD60,國五S005K,新北市,石碇區,24.996414,121.65193,154,2025/7/29 00:00,0.5,0,4,4,4.5,5,5,7.5,11.5
CAC770,國三N072K,桃園市,龍潭區,24.836391,121.19937,313,2025/7/29 00:00,0,0,2,11.5,11.5,17,17,28,31
C2A650,火燒寮,新北市,平溪區,25.002719,121.74289,287,2025/7/29 00:00,1,0,1.5,1.5,5,5,5,9,4.5
C2A660,瑞芳,新北市,瑞芳區,25.113169,121.80114,97,2025/7/29 00:00,0,0,1,2,2,2,2,3,4.5
C2M620,瑞里,嘉義縣,梅山鄉,23.545133,120.67519,1252,2025/7/29 00:00,0,0,0,0.5,11.5,29,29,68.5,127
C2A560,福山,新北市,烏來區,24.776203,121.50281,405,2025/7/29 00:00,1,0,2.5,8.5,16.5,17,17,16,-99
C2A540,四堵,新北市,坪林區,24.8926,121.74573,401,2025/7/29 00:00,0,0,0,0,6,6.5,6.5,16,19.5
C2A880,福隆,新北市,貢寮區,25.017842,121.94208,6,2025/7/29 00:00,0,0,4.5,7.5,7.5,7.5,7.5,11,12.5
C2A920,富貴角,新北市,石門區,25.263783,121.56525,196,2025/7/29 00:00,1.5,0,11,12.5,21,21,21,29.5,32.5
C2F860,梨山,臺中市,和平區,24.247522,121.24366,2215,2025/7/29 00:00,0,0,1.5,32,34,53.5,53.5,60.5,66
C2F000,大肚,臺中市,大肚區,24.15295,120.57211,273,2025/7/29 00:00,0,0,0,0.5,16,57.5,57.5,84,88
81T1B0,和仁車站,花蓮縣,秀林鄉,24.236166,121.708898,40,2025/7/29 00:00,0,0,0,0,0,1,1,1,1
81T1A0,崇德國小,花蓮縣,秀林鄉,24.161555,121.653037,20,2025/7/29 00:00,0,0,0,2.5,2.5,3.5,3.5,3.5,3.5
467280,後龍,苗栗縣,造橋鄉,24.648563,120.831834,30,2025/7/29 00:00,0,0,0,13,13,14,14,138.5,139
CAV280,國三S378K,高雄市,田寮區,22.825958,120.41551,107,2025/7/29 00:00,1,0,6,13,59,96.5,96.5,104,121
CAN150,國一N315K,臺南市,新市區,23.0835,120.25189,13,2025/7/29 00:00,4,1,12.5,12.5,75.5,122.5,122.5,125,187
CAV270,國一S336K,高雄市,路竹區,22.894167,120.27117,23,2025/7/29 00:00,33.5,5.5,54,55,71,95,95,95.5,118
CAM900,國三S290K,嘉義縣,竹崎鄉,23.504106,120.49074,47,2025/7/29 00:00,0,0,0,0.5,38,133.5,133.5,153,258.5
CAD710,國三N077K,新竹縣,關西鎮,24.797294,121.19003,218,2025/7/29 00:00,0,0,1.5,12,12,17.5,17.5,43.5,50
CAC760,國一高架N063,桃園市,平鎮區,24.950281,121.19631,170,2025/7/29 00:00,0,0,1.5,1.5,2.5,4,4,14.5,15.5
CAA990,國一N039K,新北市,泰山區,25.064433,121.38197,233,2025/7/29 00:00,0,0,1.5,1.5,2.5,3,3,9,14
CAF980,國三N183K,臺中市,龍井區,24.193628,120.57031,131,2025/7/29 00:00,0,0,0,1.5,18.5,63.5,63.5,99.5,100.5
CAF960,國三S175K,臺中市,沙鹿區,24.251494,120.58968,154,2025/7/29 00:00,0,0,0,4.5,66.5,127,127,188.5,189
CAF950,國一N158K,臺中市,后里區,24.332372,120.71714,183,2025/7/29 00:00,0,0,0.5,5,23,62,62,128.5,132
CAE560,國一S144K,苗栗縣,銅鑼鄉,24.437042,120.77821,265,2025/7/29 00:00,0,0,0,5.5,5.5,38,38,122.5,127
C2N160,西拉雅風管處,臺南市,官田區,23.189481,120.335297,43,2025/7/29 00:00,0,0,0,0,41.5,115,115,127,166.5
81S560,三和國小,臺東縣,太麻里鄉,22.67206,121.037516,10,2025/7/29 00:00,0,0,0,7,9.5,12,12,12,12.5
81S540,拉里吧,臺東縣,達仁鄉,22.479722,120.9125,170,2025/7/29 00:00,1,0,7.5,15,16.5,20.5,20.5,20.5,20.5
81HB30,和雅茶園,南投縣,鹿谷鄉,23.702777,120.762222,1060,2025/7/29 00:00,0,0,0,0,0,7.5,7.5,10,62.5
81F970,松茂部落,臺中市,和平區,24.2775,121.263333,1730,2025/7/29 00:00,0,0,5.5,25,25,43,43,46,50
81F960,梨山部落,臺中市,和平區,24.257222,121.259166,2000,2025/7/29 00:00,0,0,3,22.5,22.5,36.5,36.5,38,39
81D770,秀巒國小,新竹縣,尖石鄉,24.618333,121.285833,850,2025/7/29 00:00,0,0,0.5,50.5,51,51,51,54.5,57.5
C0W220,北竿,連江縣,北竿鄉,26.220358,119.974881,40,2025/7/29 00:00,0,0,6,8.5,8.5,8.5,8.5,22,50
C0W200,湖西,澎湖縣,湖西鄉,23.596314,119.67275,18,2025/7/29 00:00,0,0,0,0,34.5,49,49,67,67
C0W190,望安,澎湖縣,望安鄉,23.380564,119.494075,52,2025/7/29 00:00,8.5,0,9,9,10.5,35,35,35.5,36
C0W180,七美,澎湖縣,七美鄉,23.219333,119.444892,29,2025/7/29 00:00,37,17,74,74,116,174,174,174,174
C2W230,畜試所澎湖,澎湖縣,西嶼鄉,23.628342,119.513206,35,2025/7/29 00:00,0,0,0,0,0.5,9.5,9.5,24,25
81T760,富南部落,花蓮縣,富里鄉,23.133056,121.246667,430,2025/7/29 00:00,0,0,0,0,0,6,6,6,6
81T990,高山部落,花蓮縣,豐濱鄉,23.691944,121.549444,20,2025/7/29 00:00,0,0,0,1.5,1.5,2,2,2,2
81AJ20,東山,新北市,汐止區,25.054444,121.696389,290,2025/7/29 00:00,2,1,6.5,18,18,18.5,18.5,23,25
81AJ30,華梵大學,新北市,石碇區,24.982222,121.690278,520,2025/7/29 00:00,0.5,0,2,3,3,3.5,3.5,6.5,10
C0D700,關西,新竹縣,關西鎮,24.797653,121.173239,155,2025/7/29 00:00,0.5,0,1,14,14,19,19,38,43.5
C0UB10,蘇澳,宜蘭縣,蘇澳鎮,24.596944,121.857089,28,2025/7/29 00:00,0,0,0,0,0.5,0.5,0.5,2.5,2.5
C0R930,萬丹,屏東縣,萬丹鄉,22.588475,120.485081,30,2025/7/29 00:00,2,0.5,41.5,44.5,92,192,192,208.5,248
C0FA50,霧峰,臺中市,霧峰區,24.041897,120.699472,58,2025/7/29 00:00,0,0,0,1,2,34.5,34.5,46.5,62
C0B060,暖暖,基隆市,暖暖區,25.095742,121.7403,83,2025/7/29 00:00,2.5,0,6.5,7,7.5,7.5,7.5,7.5,15.5
C0AJ80,板橋,新北市,板橋區,25.0111,121.448716,38,2025/7/29 00:00,0,0,2,2,6.5,6.5,6.5,7.5,8
C0M880,好美里,嘉義縣,布袋鎮,23.336427,120.138033,27,2025/7/29 00:00,6.5,0,6.5,6.5,49,117.5,117.5,120,141
C0K600,箔子寮,雲林縣,口湖鄉,23.619744,120.140036,14,2025/7/29 00:00,0,0,0,0,0,44,44,45.5,62.5
C0G970,三豐,彰化縣,大城鄉,23.881975,120.289544,19,2025/7/29 00:00,0,0,0,0,1.5,12.5,12.5,25.5,30.5
C0G960,福寶,彰化縣,福興鄉,24.044302,120.381361,5,2025/7/29 00:00,0,0,0,0,3,16,16,96.5,97
C0FA40,臺中電廠,臺中市,龍井區,24.214641,120.490744,25,2025/7/29 00:00,0,0,0,0,19,52.5,52.5,155.5,156
C0G950,防潮門,彰化縣,伸港鄉,24.183494,120.48713,23,2025/7/29 00:00,0,0,0,0,22,50.5,50.5,154.5,156.5
C0U880,北關,宜蘭縣,頭城鎮,24.907222,121.873428,2,2025/7/29 00:00,0,0,0,0,0,0,0,77.5,77.5
C0UB20,壯圍,宜蘭縣,壯圍鄉,24.735922,121.81625,30,2025/7/29 00:00,0,0,0.5,2,2,2,2,3.5,4.5
C0C750,新興坑尾,桃園市,觀音區,25.006066,121.097072,72,2025/7/29 00:00,0,0,0,0,0,1.5,1.5,13,15.5
C0AJ70,田寮,新北市,三芝區,25.2698,121.488597,21,2025/7/29 00:00,4,0.5,6.5,11,11,11,11,25.5,26.5
C0AJ60,六塊厝,新北市,淡水區,25.240002,121.448102,13,2025/7/29 00:00,1,0,3,9,15,15,15,25.5,27.5
C0R850,林邊,屏東縣,林邊鄉,22.463447,120.533892,16,2025/7/29 00:00,24,0.5,49.5,49.5,66,108,108,110,118.5
C0V890,前鎮,高雄市,前鎮區,22.572152,120.311191,25,2025/7/29 00:00,8.5,1,44.5,71.5,75.5,92,92,93,102
C0N040,蘆竹溝,臺南市,北門區,23.234405,120.096125,22,2025/7/29 00:00,0.5,0,2,2,12.5,36,36,37.5,49.5
C0N030,四草,臺南市,安南區,23.023541,120.111633,2,2025/7/29 00:00,12,0.5,25,28,37,50,50,50,112
C0N020,城西,臺南市,安南區,23.056805,120.095569,27,2025/7/29 00:00,11,0.5,27.5,29,44,61,61,61,110
C0V880,興達,高雄市,茄萣區,22.877755,120.212747,19,2025/7/29 00:00,61,5.5,68.5,69,81.5,90,90,92.5,143
C0V870,文安,高雄市,彌陀區,22.802525,120.216369,23,2025/7/29 00:00,52,9.5,69.5,86,99,104.5,104.5,105,114.5
C0V860,南寮,高雄市,彌陀區,22.761616,120.233925,10,2025/7/29 00:00,29,4,67,98.5,109,122,122,122,142.5
C0V850,蚵仔寮,高雄市,梓官區,22.725647,120.252675,22,2025/7/29 00:00,27.5,2.5,86,117,125.5,137.5,137.5,137.5,145
C0V840,鳳鼻頭,高雄市,小港區,22.508275,120.359141,35,2025/7/29 00:00,8,0.5,52,58,59,80,80,80,86
C0V900,汕尾,高雄市,林園區,22.478205,120.415136,6,2025/7/29 00:00,3,0.5,18,20,21,54.5,54.5,54.5,66
C0R920,塭仔,屏東縣,佳冬鄉,22.416933,120.519661,19,2025/7/29 00:00,5,0.5,22,22.5,25.5,58.5,58.5,58.5,68.5
C0R910,下寮,屏東縣,枋寮鄉,22.392861,120.55478,8,2025/7/29 00:00,7,0.5,35.5,36,38,50,50,50,63
C0N010,鯤鯓國小,臺南市,將軍區,23.187875,120.0889,19,2025/7/29 00:00,0,0,0.5,0.5,12.5,45.5,45.5,46.5,61
C0R940,加祿堂,屏東縣,枋山鄉,22.336306,120.621722,24,2025/7/29 00:00,9.5,1,51.5,51.5,58.5,72,72,73,94.5
C0R900,竹坑,屏東縣,車城鄉,22.13845,120.70215,30,2025/7/29 00:00,22,15,35.5,35.5,36,36,36,36,41.5
C0R890,山海,屏東縣,恆春鎮,21.987777,120.709119,33,2025/7/29 00:00,5,0.5,28.5,29.5,29.5,31,31,31,33
C0R880,後壁湖,屏東縣,恆春鎮,21.945666,120.745705,13,2025/7/29 00:00,6.5,1,42.5,43.5,43.5,44,44,44,45.5
C0R870,興海,屏東縣,滿洲鄉,21.975177,120.843919,13,2025/7/29 00:00,5.5,0.5,29.5,29.5,30,31,31,31.5,32.5
C0R860,鼻頭,屏東縣,滿洲鄉,22.1043,120.897883,31,2025/7/29 00:00,6,0.5,11.5,11.5,11.5,12,12,12.5,12.5
C0FA30,梧棲,臺中市,梧棲區,24.256003,120.523381,31.7,2025/7/29 00:00,0,0,0,0,13.5,69,69,179,179
CAP070,高雄燈塔,高雄市,旗津區,22.614594,120.264679,34,2025/7/29 00:00,12,2,58,87,91.5,126.5,126.5,127,135
C1U930,粉鳥林,宜蘭縣,蘇澳鎮,24.497089,121.842481,5,2025/7/29 00:00,0,0,0,0.5,9,9,9,10.5,12
C0E930,龍鳳,苗栗縣,竹南鎮,24.700036,120.859128,26,2025/7/29 00:00,0,0,0,10,10,13.5,13.5,105.5,106
C0FA20,溫寮,臺中市,大安區,24.372178,120.583125,26,2025/7/29 00:00,0,0,0,18.5,95.5,194,194,345,345
C0FA10,松柏,臺中市,大甲區,24.429117,120.617483,22,2025/7/29 00:00,0,0,2.5,30,75.5,123.5,123.5,229,229.5
C0E920,通霄漁港,苗栗縣,通宵鎮,24.498589,120.673878,20,2025/7/29 00:00,0,0,0,18.5,48,60.5,60.5,131,131.5
C0E910,海埔,苗栗縣,後龍鎮,24.648769,120.772436,25,2025/7/29 00:00,0,0,0,26,38,39,39,155,155.5
C0D690,外湖,新竹縣,新豐鄉,24.917736,120.968711,20,2025/7/29 00:00,0,0,1,2.5,2.5,7,7,24,25
C0B050,八斗子,基隆市,中正區,25.144756,121.791672,5,2025/7/29 00:00,0.5,0,0.5,2.5,2.5,2.5,2.5,3,4
C0AJ50,水湳洞,新北市,瑞芳區,25.123697,121.862239,30,2025/7/29 00:00,0.5,0,1.5,2.5,2.5,2.5,2.5,3.5,4
C0D680,香山濕地,新竹市,香山區,24.783583,120.914989,24,2025/7/29 00:00,0,0,0,19.5,19.5,25,25,93.5,94
C0D670,海天一線,新竹市,北區,24.831989,120.914439,23,2025/7/29 00:00,0,0,0,20,20,24,24,78,79
C0C740,觀音工業區,桃園市,觀音區,25.064767,121.114858,5.3,2025/7/29 00:00,0.5,0,1,1,1,1,1,13.5,15.5
C0AJ40,石門,新北市,石門區,25.273672,121.6012,154,2025/7/29 00:00,0.5,0,8,9,19.5,19.5,19.5,24,26.5
C0C730,中大臨海站,桃園市,新屋區,24.966128,121.008583,5,2025/7/29 00:00,0,0,0.5,13.5,13.5,20.5,20.5,57,58
C0C720,竹圍,桃園市,大園區,25.112694,121.239825,21,2025/7/29 00:00,0,0,2.5,16,17,17,17,24.5,25.5
C0AJ30,淡水觀海,新北市,淡水區,25.184592,121.408617,22,2025/7/29 00:00,0,0,2,5.5,6.5,6.5,6.5,14,15
C0AJ20,野柳,新北市,萬里區,25.207031,121.690022,22,2025/7/29 00:00,3,0,7.5,8.5,10.5,10.5,10.5,12,12.5
C0B040,大武崙,基隆市,安樂區,25.166678,121.706994,15,2025/7/29 00:00,7,0,9.5,10.5,11,11,11,13.5,13.5
C0AJ90,澳底,新北市,貢寮區,25.055192,121.925264,23,2025/7/29 00:00,0,0,2.5,8.5,8.5,8.5,8.5,11.5,12
C0UA90,石城,宜蘭縣,頭城鎮,24.980444,121.951214,5,2025/7/29 00:00,0.5,0,4.5,6.5,6.5,6.5,6.5,14.5,15
C0UA80,大溪漁港,宜蘭縣,頭城鎮,24.941803,121.902956,10,2025/7/29 00:00,0,0,0.5,0.5,0.5,0.5,0.5,22,23
CAW010,東引,連江縣,東引鄉,26.358836,120.483631,42,2025/7/29 00:00,0,0,0,2,2,2,2,83.5,142.5
C0UB00,淡大蘭陽校園,宜蘭縣,礁溪鄉,24.823239,121.730383,379,2025/7/29 00:00,0,0,0,2.5,2.5,3,3,44.5,62
C0G920,永靖,彰化縣,永靖鄉,23.924703,120.547533,42,2025/7/29 00:00,0,0,0,0,22,61.5,61.5,76.5,102.5
CAQ030,崎峰國小,屏東縣,林邊鄉,22.42565,120.49521,10,2025/7/29 00:00,6,0,24.5,24.5,25.5,61.5,61.5,61.5,69
CAN140,六官養殖協會,臺南市,六甲區,23.22881,120.29962,24,2025/7/29 00:00,0,0,0,0,48.5,150,150,154,203
CAJ050,海口故事園區,雲林縣,口湖鄉,23.57543,120.14121,4,2025/7/29 00:00,0,0,0,0,0,69.5,69.5,72.5,102.5
CAG100,王功漁港,彰化縣,芳苑鄉,23.96824,120.32586,7,2025/7/29 00:00,0,0,0,0,0,11.5,11.5,57,60.5
CAL110,布袋國中,嘉義縣,布袋鎮,23.35893,120.18026,1.1,2025/7/29 00:00,0,0,0,0,80.5,205.5,205.5,206,249.5
CAN130,水試所海水繁,臺南市,七股區,23.120802,120.079676,2.3,2025/7/29 00:00,5.5,0,28.5,28.5,44,81,81,81,102
C0A770,科教館,臺北市,士林區,25.096356,121.516506,60,2025/7/29 00:00,0,0,10.5,17,17,17,17,20,22
CAN120,西濱N304K,臺南市,七股區,23.103439,120.086694,49,2025/7/29 00:00,12,0.5,37.5,38,56.5,77.5,77.5,77.5,107.5
CAN110,西濱S280K,臺南市,北門區,23.3052,120.14891,5,2025/7/29 00:00,9.5,0,9.5,9.5,61.5,124.5,124.5,126.5,158
CAL100,西濱S267K,嘉義縣,東石鄉,23.41613,120.162872,8,2025/7/29 00:00,0,0,0,0,65,211,211,215.5,260
CAL090,西濱S257K,嘉義縣,東石鄉,23.502278,120.171861,5,2025/7/29 00:00,0,0,0,0,4.5,261,261,274,324
CAJ040,西濱S241K,雲林縣,口湖鄉,23.623426,120.172646,14,2025/7/29 00:00,0.5,0,0.5,0.5,0.5,68.5,68.5,70.5,89.5
CAJ030,西濱N222K,雲林縣,麥寮鄉,23.737734,120.256132,31,2025/7/29 00:00,0,0,0,0,0.5,34,34,38,58.5
CAG090,西濱N210K,彰化縣,大城鄉,23.843536,120.293236,48,2025/7/29 00:00,0,0,0,0,25,47.5,47.5,67.5,77.5
CAG080,西濱S189K,彰化縣,芳苑鄉,23.987857,120.369607,30,2025/7/29 00:00,0,0,0,0,2,19,19,55,57
CAG070,西濱S173K,彰化縣,鹿港鎮,24.1081,120.434576,23,2025/7/29 00:00,0,0,0,0,7,23,23,103,106.5
CAF100,西濱N151K,臺中市,清水區,24.275964,120.547681,14,2025/7/29 00:00,0,0,0,4,69.5,150,150,274,274
CAE110,西濱S129K,苗栗縣,苑裡鎮,24.4472,120.6428,42,2025/7/29 00:00,0,0,3,27.5,47,80.5,80.5,204.5,205
CAE100,西濱N107K,苗栗縣,後龍鎮,24.5958,120.7394,47,2025/7/29 00:00,0,0,1.5,27.5,34,45.5,45.5,139.5,139.5
CAD110,西濱S082K,新竹市,香山區,24.751724,120.905028,17,2025/7/29 00:00,0,0,0,20,20,24.5,24.5,121.5,123
CAD100,西濱N066K,新竹縣,新豐鄉,24.8956,120.9649,17,2025/7/29 00:00,0,0,0.5,12.5,12.5,21.5,21.5,69.5,71.5
CAC060,西濱S032K,桃園市,大園區,25.091966,121.192502,21,2025/7/29 00:00,0,0,3,8,10,12,12,20,21.5
CAC050,西濱S023K,桃園市,蘆竹區,25.11649,121.27551,23,2025/7/29 00:00,0,0,8,29,29,29,29,39,41
C1O940,東山服務區,臺南市,東山區,23.286017,120.390378,55,2025/7/29 00:00,0,0,0,0,91.5,328,328,337,368.5
C1H840,國三N238K,南投縣,名間鄉,23.841008,120.699575,231,2025/7/29 00:00,0,0,0,0,0,38,38,52,121.5
C1G9D0,國一S218K,彰化縣,埤頭鄉,23.890642,120.485117,30,2025/7/29 00:00,0,0,0,0,34,80,80,92.5,104.5
C1E900,國一N128K,苗栗縣,頭屋鄉,24.560997,120.836,80,2025/7/29 00:00,0,0,0.5,6,6,15.5,15.5,106.5,106.5
C1A760,坪林交控,新北市,坪林區,24.942842,121.638556,217,2025/7/29 00:00,0.5,0.5,0.5,0.5,2,2.5,2.5,5.5,7.5
C1A750,石碇服務區,新北市,石碇區,25.00865,121.638017,92,2025/7/29 00:00,0.5,0.5,6,6,7,7,7,9,12
CAH030,茶改場竹圍站,南投縣,名間鄉,23.86008,120.6375,300,2025/7/29 00:00,0,0,0,0,2.5,34,34,40.5,106.5
CAQ010,國三N425K,屏東縣,南州鄉,22.480277,120.531666,33,2025/7/29 00:00,16,0.5,52,52,70,111.5,111.5,111.5,120
CAQ020,國三S415K,屏東縣,竹田鄉,22.568,120.528,38,2025/7/29 00:00,4,0.5,50.5,52.5,86,161.5,161.5,167,200.5
CAP060,國三S385K,高雄市,大樹區,22.767777,120.444444,93,2025/7/29 00:00,1.5,0,2.5,7,69,110,110,115,128.5
CAN100,國三S366K,臺南市,關廟區,22.9077,120.3513,64,2025/7/29 00:00,5.5,1.5,14.5,14.5,46,82.5,82.5,88.5,116.5
CAN090,國三S342K,臺南市,善化區,23.106694,120.327528,41,2025/7/29 00:00,0.5,0,1.5,1.5,43,93.5,93.5,113,146.5
CAN080,國三N336K,臺南市,官田區,23.154722,120.345,49,2025/7/29 00:00,0,0,1,1,52.5,129.5,129.5,150.5,208.5
CAN070,國三S329K,臺南市,官田區,23.212777,120.355833,63,2025/7/29 00:00,0,0,0,0,52.5,186,186,198.5,250.5
CAN060,國三S311K,臺南市,白河區,23.346388,120.438888,66,2025/7/29 00:00,0,0,0,0,74.5,343.5,343.5,361.5,429
CAL080,國三N303K,嘉義縣,中埔鄉,23.428611,120.452416,72,2025/7/29 00:00,0,0,0,0,50,281,281,295.5,381
CAL070,國三N295K,嘉義市,東區,23.468598,120.499369,99,2025/7/29 00:00,0,0,0,0,67,167,167,177.5,270
CAL050,國三N279K,嘉義縣,大林鎮,23.596111,120.523333,113,2025/7/29 00:00,0,0,0,0.5,19.5,75,75,97,186
CAP040,國一N361K,高雄市,仁武區,22.680555,120.328611,27,2025/7/29 00:00,8.5,1,32,53.5,69,110.5,110.5,111,117.5
CAP030,國一N351K,高雄市,橋頭區,22.765833,120.328888,37,2025/7/29 00:00,27.5,13.5,33.5,34,55.5,80.5,80.5,80.5,100
CAP020,國一S346K,高雄市,岡山區,22.812222,120.314166,24,2025/7/29 00:00,22,2.5,33,33.5,51.5,63,63,64,96.5
CAP010,國一S342K,高雄市,路竹區,22.845555,120.295,31,2025/7/29 00:00,22.5,4,37.5,38,61,76.5,76.5,83.5,120
CAN040,國一N323K,臺南市,永康區,23.011789,120.249453,33,2025/7/29 00:00,54,6.5,62.5,62.5,100.5,138.5,138.5,141,187
CAN020,國一S306K,臺南市,麻豆區,23.152831,120.230558,27,2025/7/29 00:00,2.5,1,11,11,73.5,118,118,118,163
CAN010,國一N288K,臺南市,新營區,23.30609,120.290033,34,2025/7/29 00:00,0.5,0.5,0.5,0.5,49,219,219,223,296
CAL040,國一N273K,嘉義縣,水上鄉,23.416666,120.355,39,2025/7/29 00:00,0,0,0,0,21,404,404,412.5,482.5
CAL030,國一N268K,嘉義縣,水上鄉,23.460833,120.375833,39,2025/7/29 00:00,0,0,0,0,69,350.5,350.5,356,408.5
CAL020,國一S262K,嘉義縣,民雄鄉,23.512333,120.403038,43,2025/7/29 00:00,0,0,0,0,60.5,293,293,301.5,349
F1M710,二萬坪,嘉義縣,阿里山鄉,23.509597,120.79,1998,2025/7/29 00:00,0,0,0,0,11,26.5,26.5,40,69.5
F1V860,甲仙,高雄市,甲仙區,23.087497,120.575997,531,2025/7/29 00:00,0,0,0,0,101.5,204.5,204.5,319,345.5
F1V850,六龜,高雄市,六龜區,23.0805,120.692997,442,2025/7/29 00:00,0,0,0,0,69,204.5,204.5,292,314
CAD060,國一S098K,新竹縣,寶山鄉,24.76056,120.9911,75,2025/7/29 00:00,0,0,0,8.5,9,17,17,59.5,60.5
CAD050,國一N094K,新竹市,東區,24.79778,121.0089,75,2025/7/29 00:00,0,0,0,8.5,8.5,14.5,14.5,51,52
CAD040,國一S088K,新竹縣,竹北市,24.84444,121.0214,48,2025/7/29 00:00,0,0,0,24.5,26,32,32,80,81
CAD030,國一S082K,新竹縣,湖口鄉,24.87667,121.0467,137,2025/7/29 00:00,0,0,0.5,15,15,18,18,49,50.5
CAD020,國一N077K,新竹縣,湖口鄉,24.885,121.0889,172,2025/7/29 00:00,0,0,0.5,73,73,77,77,98,99.5
CAC010,國一S072K,桃園市,楊梅區,24.89583,121.1342,214,2025/7/29 00:00,0.5,0,1,52.5,53,54.5,54.5,70.5,72
CAA020,國一S026K,新北市,三重區,25.07639,121.4964,27,2025/7/29 00:00,0,0,5.5,6.5,6.5,6.5,6.5,11.5,13
CAA010,國一N013K,新北市,汐止區,25.066739,121.628153,39,2025/7/29 00:00,1,0,11.5,11.5,13,13.5,13.5,15.5,16.5
CAB020,國一S006K,基隆市,七堵區,25.08694,121.6869,52,2025/7/29 00:00,2.5,0,7.5,8,23.5,23.5,23.5,27,29
CAB010,國一S001K,基隆市,安樂區,25.11583,121.7286,49,2025/7/29 00:00,4.5,0,9,11.5,11.5,11.5,11.5,13,16
CAD090,國三S103K,新竹市,東區,24.75861,120.9608,101,2025/7/29 00:00,0,0,0,5,5,9,9,83.5,84.5
CAD080,國三N085K,新竹縣,關西鎮,24.78333,121.1211,182,2025/7/29 00:00,0.5,0,0.5,18,18,23.5,23.5,52,55
CAC030,國三N063K,桃園市,大溪區,24.889514,121.2636,203,2025/7/29 00:00,0,0,2,3.5,4,11.5,11.5,20.5,22
CAA080,國三S054K,新北市,鶯歌區,24.93917,121.3239,97,2025/7/29 00:00,0,0,3,4.5,4.5,6.5,6.5,11.5,15
CAA070,國三N046K,新北市,樹林區,24.95083,121.3958,54,2025/7/29 00:00,0,0,1.5,16,17,18,18,19.5,22
CAA060,國三S042K,新北市,土城區,24.96,121.4306,50,2025/7/29 00:00,0,0,3,10,15.5,15.5,15.5,16.5,18.5
CAA050,國三S037K,新北市,土城區,24.982361,121.471042,51,2025/7/29 00:00,0,0,2,4,8,8,8,9,11
CAA040,國三S016K,臺北市,南港區,25.03306,121.6158,71,2025/7/29 00:00,0.5,0.5,10,10,10,10,10,12,13
CAA030,國三S010K,新北市,汐止區,25.08,121.6475,50,2025/7/29 00:00,2.5,0.5,13,13,13,14,14,16,18
CAB040,國三S007K,基隆市,七堵區,25.09694,121.6678,76,2025/7/29 00:00,2,0,10,10,26.5,27,27,30,31.5
CAB030,國三S004K,基隆市,七堵區,25.11444,121.6886,107,2025/7/29 00:00,3.5,0,7.5,8,13.5,13.5,13.5,16,17.5
CAB050,國三N002K,基隆市,中山區,25.14583,121.7217,79,2025/7/29 00:00,8.5,0.5,12.5,14.5,14.5,14.5,14.5,16.5,18.5
CAC020,國二E009K,桃園市,桃園區,25.018244,121.273697,109,2025/7/29 00:00,0,0,9,25,25.5,25.5,25.5,31.5,34.5
CAA090,國三甲005K,臺北市,文山區,25.00194,121.5975,60,2025/7/29 00:00,0,0,11,11.5,11.5,11.5,11.5,13.5,16
C1V830,國三S383K,高雄市,燕巢區,22.781967,120.426475,114,2025/7/29 00:00,0.5,0,4,7,64,107.5,107.5,121,134.5
C1M870,國三N285K,嘉義縣,民雄鄉,23.550319,120.505833,121,2025/7/29 00:00,0,0,0,0,21.5,116.5,116.5,135,232
C1I550,國六W023K,南投縣,國姓鄉,23.979067,120.867742,373,2025/7/29 00:00,0,0,0,0,0,63.5,63.5,76.5,149.5
C1E890,國三N149K,苗栗縣,通霄鎮,24.463414,120.680019,53,2025/7/29 00:00,0,0,3,20.5,36,70.5,70.5,213,213.5
C1AI60,國一39K,新北市,泰山區,25.064361,121.383836,181,2025/7/29 00:00,0,0,1.5,1.5,3,3.5,3.5,9.5,15
C1AI50,國三N016K,臺北市,南港區,25.034164,121.619664,64,2025/7/29 00:00,0,0,8.5,8.5,8.5,8.5,8.5,10.5,11.5
G2AI50,台農院關渡站,臺北市,北投區,25.11575,121.492,9,2025/7/29 00:00,0,0,9.5,11.5,11.5,11.5,11.5,16,16
72D680,桃改新埔分場,新竹縣,新埔鎮,24.834444,121.066111,101.9,2025/7/29 00:00,0,0,0,21.5,21.5,22.5,22.5,52,52.5
81HA60,中興新村,南投縣,南投市,23.959722,120.686389,120,2025/7/29 00:00,0,0,0,1.5,1.5,32.5,32.5,40,91.5
CAF090,國四E5K,臺中市,神岡區,24.296465,120.643135,130,2025/7/29 00:00,0,0,3.5,13.5,67.5,133.5,133.5,202,203
CAH020,國三S217K,南投縣,草屯鎮,24.00683,120.653214,93,2025/7/29 00:00,0,0,0,0.5,2,23.5,23.5,30,60
CAG060,國三S202K,彰化縣,彰化市,24.092468,120.603256,48,2025/7/29 00:00,0,0,0,0,6.5,39.5,39.5,74.5,91.5
CAF060,國三S168K,臺中市,清水區,24.308519,120.614471,117,2025/7/29 00:00,0,0,2.5,22,104.5,187.5,187.5,270.5,271
CAE090,國三S156K,苗栗縣,苑裡鎮,24.39798,120.669487,89,2025/7/29 00:00,0,0,3,12,34.5,126.5,126.5,254.5,255
CAE080,國三S140K,苗栗縣,通霄鎮,24.522345,120.725006,64,2025/7/29 00:00,0,0,0,17.5,20.5,29,29,101,101.5
CAJ010,國三N252K,雲林縣,林內鄉,23.77412,120.64061,130,2025/7/29 00:00,0,0,0,0,0,30,30,45.5,97.5
CAH010,國三N223K,南投縣,草屯鎮,23.955116,120.662376,109,2025/7/29 00:00,0,0,0,0,1,27,27,35.5,83.5
CAF050,國三N208K,臺中市,霧峰區,24.066147,120.660919,85,2025/7/29 00:00,0,0,0,1,3,31,31,43.5,64
CAG040,國三N191K,彰化縣,和美鎮,24.139256,120.5215,35,2025/7/29 00:00,0,0,0,0,13,45.5,45.5,85,85.5
CAE070,國三N151K,苗栗縣,苑裡鎮,24.440218,120.681656,77,2025/7/29 00:00,0.5,0,1.5,15,26,73.5,73.5,203.5,203.5
CAE060,國三N119K,苗栗縣,竹南鎮,24.675432,120.847389,28,2025/7/29 00:00,0,0,0,3,3,4.5,4.5,103.5,104.5
CAG030,國一S207K,彰化縣,大村鄉,23.988304,120.508092,33,2025/7/29 00:00,0,0,0,0,44,78,78,97.5,105
CAF040,國一S188K,臺中市,大肚區,24.118546,120.585747,54,2025/7/29 00:00,0,0,0,0,4.5,34.5,34.5,55,66
CAF030,國一S169K,臺中市,神岡區,24.237116,120.688271,195,2025/7/29 00:00,0,0,1,11,60.5,110.5,110.5,131.5,141.5
CAF020,國一S162K,臺中市,后里區,24.295534,120.695976,209,2025/7/29 00:00,0,0,2.5,8,42,79.5,79.5,118,121
CAE050,國一S152K,苗栗縣,三義鄉,24.375492,120.749184,339,2025/7/29 00:00,0,0,0,7.5,9.5,60,60,145.5,154.5
CAE040,國一S132K,苗栗縣,公館鄉,24.524506,120.820831,97,2025/7/29 00:00,0,0,0.5,7,7,17,17,101.5,102.5
CAE030,國一S123K,苗栗縣,頭屋鄉,24.59594,120.86071,76,2025/7/29 00:00,0,0,0,8.5,8.5,14,14,91,91.5
CAE020,國一S114K,苗栗縣,頭份市,24.668836,120.885811,32,2025/7/29 00:00,0,0,0,7.5,7.5,13,13,97,97.5
CAD010,國一S105K,新竹縣,寶山鄉,24.726316,120.940643,36,2025/7/29 00:00,0,0,0,8.5,19,30,30,100.5,101
CAL010,國一N250K,嘉義縣,大林鎮,23.610292,120.436867,46,2025/7/29 00:00,0,0,0,0,27,129,129,142.5,182.5
CAJ020,國一N234K,雲林縣,西螺鎮,23.74633,120.467926,50,2025/7/29 00:00,0,0,0,0,32.5,94.5,94.5,104.5,140
CAG010,國一N198K,彰化縣,彰化市,24.063889,120.523056,28,2025/7/29 00:00,0,0,0,0,9.5,26,26,42,43.5
CAF010,國一N174K,臺中市,西屯區,24.2049,120.6552,150,2025/7/29 00:00,0,0,0,6.5,33,84.5,84.5,108.5,118.5
C0SA90,達仁林場,臺東縣,達仁鄉,22.264347,120.823972,497,2025/7/29 00:00,15,2,19,19,22,26,26,35.5,38.5
C0R830,高士,屏東縣,牡丹鄉,22.121825,120.836781,383,2025/7/29 00:00,7,1,14.5,15,15,15.5,15.5,16.5,17
C0R820,白鷺,屏東縣,來義鄉,22.454275,120.666219,588,2025/7/29 00:00,4.5,0,30,32,49.5,115.5,115.5,122.5,160
C0R810,內獅,屏東縣,獅子鄉,22.305064,120.642986,25,2025/7/29 00:00,19.5,1,47,47,49,70.5,70.5,70.5,88.5
C0R800,丹路,屏東縣,獅子鄉,22.204481,120.750989,131,2025/7/29 00:00,28.5,6.5,42,42,44,45,45,45,50.5
C0R790,九棚,屏東縣,滿州鄉,22.142069,120.894356,111,2025/7/29 00:00,5,0.5,8,8,9,9,9,9.5,9.5
C0R780,滿州,屏東縣,滿州鄉,22.024403,120.839892,72,2025/7/29 00:00,7,1,39.5,40.5,40.5,40.5,40.5,41,56
C0R770,保力,屏東縣,車城鄉,22.071122,120.764111,93,2025/7/29 00:00,7.5,1,41.5,42,43,43,43,43,43.5
C0R760,南仁湖,屏東縣,滿州鄉,22.084681,120.863353,336,2025/7/29 00:00,10,1,35,35,35.5,35.5,35.5,39,39
C0R750,四林格山,屏東縣,牡丹鄉,22.076989,120.802439,551,2025/7/29 00:00,10.5,1,40,41,41.5,42,42,42.5,44.5
C0R741,獅子,屏東縣,獅子鄉,22.202308,120.705236,72,2025/7/29 00:00,27.5,2,41,41,43,44,44,44,47
C0R710,龍磐,屏東縣,恆春鎮,21.931672,120.838942,117,2025/7/29 00:00,4.5,0.5,26,26,26,26.5,26.5,26.5,27
C0R730,大坪頂,屏東縣,恆春鎮,22.024633,120.69355,163,2025/7/29 00:00,6.5,1,29.5,30,30,30,30,30,34
C0X320,柳營,臺南市,柳營區,23.253328,120.375253,30,2025/7/29 00:00,0,0,0,0,50.5,233.5,233.5,242,273.5
C0R840,牡丹池山,屏東縣,牡丹鄉,22.168389,120.841225,536,2025/7/29 00:00,8,2,13.5,13.5,13.5,14,14,16,17.5
V2C260,八德蔬果,桃園市,八德區,24.978508,121.281819,103,2025/7/29 00:00,0,0,11,12.5,12.5,13,13,19.5,20
A2K360,水試臺西試驗,雲林縣,臺西鄉,23.717231,120.190522,1,2025/7/29 00:00,0,0,0,0,0,25.5,25.5,28,52
E2P980,林試六龜中心,高雄市,六龜區,22.991703,120.645722,272,2025/7/29 00:00,0,0,0,0,62,183,183,242.5,257.5
A2K630,臺大雲林校區,雲林縣,虎尾鎮,23.730628,120.423903,45,2025/7/29 00:00,0,0,0,0,59.5,125,125,133,156
B2U990,畜試東區分所,宜蘭縣,五結鄉,24.669039,121.832561,10,2025/7/29 00:00,0,0,0.5,3.5,5,5.5,5.5,6,6
A2N290,臺南蘭花園區,臺南市,後壁區,23.340258,120.379661,23,2025/7/29 00:00,0,0,0,0,47.5,324,324,331.5,389.5
E2HA20,林試畢祿溪站,南投縣,仁愛鄉,24.226944,121.308522,2188,2025/7/29 00:00,0,0,1,24,25.5,44.5,44.5,49,50
72AI40,桃改樹林分場,新北市,樹林區,24.944503,121.386972,40,2025/7/29 00:00,0,0,1,10.5,11,12.5,12.5,14.5,16
E2S960,太麻里2,臺東縣,太麻里鄉,22.598,120.99775,26,2025/7/29 00:00,0,0,0,0,3,10.5,10.5,10.5,11
E2S980,太麻里1,臺東縣,太麻里鄉,22.598922,120.980044,100,2025/7/29 00:00,0,0,0,0,5,16,16,16,17
V2K620,麥寮合作社,雲林縣,麥寮鄉,23.753836,120.294783,9,2025/7/29 00:00,0,0,0,0,2,38.5,38.5,43.5,62.5
V2K610,大庄合作社,雲林縣,二崙鄉,23.8068,120.367939,23,2025/7/29 00:00,0,0,0,0,5.5,68,68,84.5,95.5
C2E880,三義,苗栗縣,三義鄉,24.40548,120.74982,507,2025/7/29 00:00,0,0,0,7.5,8.5,48.5,48.5,135,139
C0G910,花壇,彰化縣,花壇鄉,24.030322,120.549461,42,2025/7/29 00:00,0,0,0,0,15,41.5,41.5,63.5,71
C0G900,線西,彰化縣,線西鄉,24.143358,120.443536,20,2025/7/29 00:00,0,0,0,0,24.5,39,39,121.5,122.5
C0R720,旭海,屏東縣,牡丹鄉,22.205403,120.887614,214,2025/7/29 00:00,11,2,13.5,13.5,13.5,14.5,14.5,14.5,15
C0R341,牡丹,屏東縣,牡丹鄉,22.130036,120.792639,230,2025/7/29 00:00,6,1.5,12.5,12.5,12.5,12.5,12.5,13,15.5
C0AI40,石牌,臺北市,北投區,25.115597,121.513167,37,2025/7/29 00:00,0,0,8.5,19,19.5,19.5,19.5,22.5,25
C0R690,墾丁,屏東縣,恆春鎮,21.966756,120.810269,248,2025/7/29 00:00,6.5,1,36.5,37,38,38.5,38.5,39,40
C0R700,枋山,屏東縣,枋山鄉,22.246844,120.661086,19,2025/7/29 00:00,27.5,3.5,51,51,53.5,57.5,57.5,57.5,64
C0R670,楓港,屏東縣,枋山鄉,22.190131,120.692156,26,2025/7/29 00:00,22,2,40.5,40.5,41.5,41.5,41.5,41.5,44
C0R660,枋寮,屏東縣,枋寮鄉,22.367722,120.590647,20,2025/7/29 00:00,7,0.5,50.5,50.5,55,72,72,75.5,112.5
C0R680,佳樂水,屏東縣,滿州鄉,21.993578,120.861633,4,2025/7/29 00:00,7,0.5,27,27.5,27.5,27.5,27.5,29,32.5
C1SA50,利嘉林道,臺東縣,卑南鄉,22.82325,121.009389,1235,2025/7/29 00:00,0,0,0,0,5,21,21,22,22
C0S960,香蘭,臺東縣,太麻里鄉,22.587569,120.993375,32,2025/7/29 00:00,0,0,0,0,4.5,12,12,12,12.5
C0S980,勝林山,臺東縣,達仁鄉,22.430439,120.8938,903,2025/7/29 00:00,2,0,4.5,4.5,6.5,8,8,8,8.5
C0SA00,歷坵,臺東縣,太麻里鄉,22.520969,120.89185,466,2025/7/29 00:00,1,0,1,1,8,33,33,33,34.5
C0SA40,瑞和,臺東縣,鹿野鄉,22.974361,121.156697,200,2025/7/29 00:00,0,0,0,0,0,10,10,10,10
C0S990,山豬窟,臺東縣,大武鄉,22.318619,120.857372,409,2025/7/29 00:00,4.5,1,7,7,8,9,9,10,11.5
C0S970,加津林,臺東縣,大武鄉,22.416211,120.926942,19,2025/7/29 00:00,2.5,0.5,4,4,6.5,7.5,7.5,7.5,8
C0SA20,金崙山,臺東縣,太麻里鄉,22.567419,120.959667,857,2025/7/29 00:00,0,0,0,0.5,5,20,20,20,21.5
C0S920,金峰嘉蘭,臺東縣,金峰鄉,22.594789,120.960825,98,2025/7/29 00:00,0,0,0,0,5,22,22,22,23
C0SA30,都歷,臺東縣,成功鎮,23.020333,121.323642,93,2025/7/29 00:00,0,0,0,0,0,6.5,6.5,6.5,6.5
C0S930,延平,臺東縣,延平鄉,22.902581,121.084058,248,2025/7/29 00:00,0,0,0,0.5,2,14,14,14,14
C0SA10,檳榔四格山,臺東縣,卑南鄉,22.810031,121.109308,411,2025/7/29 00:00,0,0,0,0,1,11.5,11.5,11.5,11.5
C0T9N0,富里,花蓮縣,富里鄉,23.171639,121.249378,261,2025/7/29 00:00,0,0,0,0,0,10,10,10,10
C0S950,七塊厝,臺東縣,東河鄉,22.954453,121.229922,415,2025/7/29 00:00,0,0,0,0,0,9.5,9.5,9.5,9.5
C0S940,石寧山,臺東縣,長濱鄉,23.223772,121.406639,150,2025/7/29 00:00,0,0,0,0,0,8,8,8,8
01Q960,泰武(2),屏東縣,泰武鄉,22.598611,120.685278,841,2025/7/29 00:00,16,0,20,20,86,240,240,401,460
C0S660,下馬,臺東縣,海端鄉,23.150194,121.070025,794,2025/7/29 00:00,0,0,0,0,0,10,10,10,10
C0SA80,土阪,臺東縣,達仁鄉,22.453108,120.887572,136,2025/7/29 00:00,2.5,0.5,7,7,11.5,14.5,14.5,14.5,15.5
C1SA70,都蘭,臺東縣,東河鄉,22.87794,121.226881,62,2025/7/29 00:00,0,0,0,0,0.5,8.5,8.5,8.5,8.5
C0SA60,知本水試所,臺東縣,臺東市,22.702394,121.082761,6,2025/7/29 00:00,0,0,0,0,2,8,8,8,8
12Q980,恆春工作站,屏東縣,車城鄉,22.079678,120.714425,16,2025/7/29 00:00,6.5,1,19,19.5,23,23,23,23,25.5
12J990,口湖工作站,雲林縣,口湖鄉,23.589978,120.180394,10,2025/7/29 00:00,1,0,1,1,1,100.5,100.5,111,142
12Q970,東港工作站,屏東縣,東港鎮,22.479997,120.466058,16,2025/7/29 00:00,2,0,26.5,27,34.5,79.5,79.5,79.5,80
42HA10,萬大發電廠,南投縣,仁愛鄉,23.978875,121.139639,1000,2025/7/29 00:00,0,0,0,5,7.5,54,54,56,99
72N240,七股研究中心,臺南市,七股區,23.081672,120.062894,2,2025/7/29 00:00,28.5,0,49.5,51,67.5,91,91,91.5,115.5
72M700,南改鹿草分場,嘉義縣,鹿草鄉,23.416869,120.283061,14,2025/7/29 00:00,1,1,1,1,22.5,355,355,359,434.5
G2F820,農業試驗所,臺中市,霧峰區,24.031261,120.688133,90,2025/7/29 00:00,0,0,0,0.5,2,30.5,30.5,42,61
E2K600,四湖植物園,雲林縣,四湖鄉,23.676986,120.163433,11,2025/7/29 00:00,0,0,0,0,0,52,52,55,61.5
G2M350,農試溪口農場,嘉義縣,溪口鄉,23.58565,120.408111,26,2025/7/29 00:00,0,0,0,0,45.5,236,236,247,289.5
U2HA40,臺大內茅埔,南投縣,信義鄉,23.689722,120.851117,507,2025/7/29 00:00,0,0,0,0,24.5,35.5,35.5,39.5,73.5
U2HA30,臺大和社,南投縣,信義鄉,23.590856,120.888864,772,2025/7/29 00:00,0,0,0,0,0,14.5,14.5,15.5,33.5
72HA00,中改埔里分場,南投縣,魚池鄉,23.903208,120.963364,628,2025/7/29 00:00,0,0,0,0,0,20.5,20.5,33,85.5
E2H360,蓮華池,南投縣,魚池鄉,23.918333,120.885278,681,2025/7/29 00:00,0,0,0,0,0,58,58,78.5,138
C1M640,十字,嘉義縣,阿里山鄉,23.492153,120.753683,1567,2025/7/29 00:00,0,0,0,0,19,41,41,53.5,95
C0C710,大溪永福,桃園市,大溪區,24.892936,121.324975,143,2025/7/29 00:00,0,0,1.5,1.5,1.5,5.5,5.5,14.5,16.5
C0V820,小林,高雄市,甲仙區,23.14841,120.63325,441,2025/7/29 00:00,0,0,0,0,64,176.5,176.5,228,241
C0AI20,白沙灣,新北市,石門區,25.283128,121.519058,25,2025/7/29 00:00,4,0.5,6.5,8,8,8,8,25.5,27.5
81D670,田埔分校,新竹縣,尖石鄉,24.641389,121.278611,110,2025/7/29 00:00,0,0,0,5.5,5.5,5.5,5.5,10.5,14.5
88F920,松鶴,臺中市,和平區,24.178889,120.978333,655,2025/7/29 00:00,0,0,0,13.5,13.5,34.5,34.5,44,81
C0S910,蘭嶼燈塔,臺東縣,蘭嶼鄉,22.081197,121.503117,212,2025/7/29 00:00,0,0,0,0,0,0,0,0,0
C0S900,蘭嶼高中,臺東縣,蘭嶼鄉,22.049094,121.512142,27,2025/7/29 00:00,0,0,0,0,0,0,0,0,0
C0B020,基隆嶼,基隆市,中正區,25.191408,121.783914,86,2025/7/29 00:00,2,0,3,5,5,5,5,5,7
C0AI10,屈尺,新北市,新店區,24.921836,121.544725,76,2025/7/29 00:00,0,0,2,2,5,5.5,5.5,7.5,10.5
CAHA00,消防署訓,南投縣,竹山鎮,23.82137,120.72293,176,2025/7/29 00:00,0,0,0,0.5,0.5,28,28,42.5,107
C0R650,竹田,屏東縣,竹田鄉,22.584861,120.543442,29,2025/7/29 00:00,4.5,0,56.5,57,102,192,192,215.5,246
C0R640,東港,屏東縣,東港鎮,22.462467,120.440744,21,2025/7/29 00:00,3,0.5,25.5,26.5,27.5,65,65,65,72
C1TA00,太魯閣,花蓮縣,秀林鄉,24.157728,121.623597,94,2025/7/29 00:00,0,0,0,0,19,22.5,22.5,23,24.5
C0C690,國一五楊N44K,桃園市,龜山區,25.063861,121.340164,242,2025/7/29 00:00,0,0,2.5,3,8,8.5,8.5,15,20
C0AI00,五股,新北市,五股區,25.074453,121.427281,188,2025/7/29 00:00,0,0,3,6.5,13,13,13,17.5,20.5
C0B010,七堵,基隆市,七堵區,25.094819,121.717128,38,2025/7/29 00:00,3.5,0.5,6,6.5,8.5,8.5,8.5,11,12.5
C0Z330,安通山,花蓮縣,玉里鎮,23.290728,121.348528,488,2025/7/29 00:00,0,0,0,0.5,0.5,12,12,12,12
C0Z320,清水林道,花蓮縣,卓溪鄉,23.27125,121.188272,646,2025/7/29 00:00,0,0,0,0,0,10.5,10.5,10.5,12
C0UA50,西帽山,宜蘭縣,南澳鄉,24.555361,121.802628,808,2025/7/29 00:00,0,0,0,0,9.5,10,10,11,11.5
C0UA40,西德山,宜蘭縣,南澳鄉,24.560647,121.752608,1121,2025/7/29 00:00,0,0,0,0.5,12,12,12,16,37.5
C0UA30,白嶺,宜蘭縣,大同鄉,24.527819,121.519031,1397,2025/7/29 00:00,0,0,0.5,4,7,7,7,9.5,29.5
C0UA70,桃源谷,宜蘭縣,頭城鎮,24.962606,121.888875,547,2025/7/29 00:00,0,0,1,1,1,1,1,7.5,8.5
C0UA60,樟樹山,宜蘭縣,南澳鄉,24.413925,121.783247,566,2025/7/29 00:00,0,0,0,2.5,43,43,43,43.5,44.5
C0Z310,清水斷崖,花蓮縣,秀林鄉,24.218294,121.689142,59,2025/7/29 00:00,0,0,0,0.5,11.5,13,13,13,13.5
C0AH90,福山植物園,新北市,烏來區,24.760717,121.58135,660,2025/7/29 00:00,0,0,1,13,27,27.5,27.5,32,41.5
72T250,花蓮農改,花蓮縣,吉安鄉,23.975222,121.563889,36,2025/7/29 00:00,0,0,0,3,108,109.5,109.5,109.5,109.5
B2Q810,畜試南區分所,屏東縣,恆春鎮,21.945583,120.802167,20,2025/7/29 00:00,5.5,1,31.5,31.5,31.5,32,32,32,32.5
G2P820,農試鳳山分所,高雄市,鳳山區,22.646611,120.356083,37,2025/7/29 00:00,5,0.5,26.5,34.5,55.5,101.5,101.5,105.5,112
B2N890,畜試所,臺南市,新化區,23.058972,120.336406,31,2025/7/29 00:00,1.5,0,3.5,3.5,51.5,105,105,109,153.5
72M360,南改義竹分場,嘉義縣,義竹鄉,23.360694,120.279361,6,2025/7/29 00:00,0,0,0,0,26,373.5,373.5,201,-99
G2L020,農試嘉義分所,嘉義市,東區,23.485028,120.473806,79,2025/7/29 00:00,0,0,0,0,53,182.5,182.5,201,320
U2HA50,臺大竹山,南投縣,竹山鎮,23.756972,120.681556,156,2025/7/29 00:00,0,0,0,0,0,22.5,22.5,35.5,97
82H320,茶改中部分場,南投縣,魚池鄉,23.875611,120.913583,850,2025/7/29 00:00,0,0,0,0,0,26,26,34.5,83.5
82H840,茶改南部分場,南投縣,鹿谷鄉,23.762528,120.7405,390,2025/7/29 00:00,0,0,0,0,0,21,21,27.5,117
K2F750,種苗繁殖,臺中市,新社區,24.225972,120.800917,470,2025/7/29 00:00,0,0,0.5,5.5,12,50,50,71,108.5
K2E360,苗栗農改,苗栗縣,公館鄉,24.495722,120.829111,100,2025/7/29 00:00,0,0,0,4.5,4.5,17.5,17.5,103.5,105.5
72U480,花改蘭陽分場,宜蘭縣,三星鄉,24.686306,121.716583,27,2025/7/29 00:00,0,0,0,0,4.5,5,5,5.5,6.5
82A750,茶改北部分場,新北市,石碇區,24.955778,121.631222,401,2025/7/29 00:00,0,0,5,6,7,7.5,7.5,10,15
A2C560,農工中心,桃園市,中壢區,24.985917,121.239833,121,2025/7/29 00:00,0,0,6.5,8,8,8.5,8.5,19.5,20.5
82C160,茶改場,桃園市,楊梅區,24.908472,121.185333,195,2025/7/29 00:00,0,0,1,3.5,4,7.5,7.5,13.5,15.5
72D080,桃改五峰分場,新竹縣,五峰鄉,24.612194,121.157167,1048,2025/7/29 00:00,0,0,0.5,11.5,42,42.5,42.5,58.5,73.5
72C440,桃園農改,桃園市,新屋區,24.950944,121.030583,70,2025/7/29 00:00,0,0,0,17,17,22.5,22.5,43.5,46
B2E890,畜試北區分所,苗栗縣,西湖鄉,24.527806,120.770972,90,2025/7/29 00:00,0,0,0,7,7,13.5,13.5,99.5,100
72Q010,高雄農改,屏東縣,長治鄉,22.709333,120.525889,45,2025/7/29 00:00,0.5,0.5,6.5,11,76.5,153.5,153.5,209,238
72V140,高改旗南分場,高雄市,旗山區,22.857861,120.516667,44,2025/7/29 00:00,0,0,0,0,73,162,162,192,214.5
72N100,臺南農改,臺南市,新化區,23.0605,120.342194,41,2025/7/29 00:00,0.5,0,1,1,40,92,92,97,144
72K220,南改斗南分場,雲林縣,斗南鎮,23.634556,120.477333,60,2025/7/29 00:00,0,0,0,0,21,84.5,84.5,100.5,153.5
72G600,臺中農改,彰化縣,大村鄉,24.003028,120.534389,19,2025/7/29 00:00,0,0,0,0,25,57.5,57.5,77,86
U2H480,臺大溪頭,南投縣,鹿谷鄉,23.670306,120.798194,1150,2025/7/29 00:00,0,0,0,0,0,12.5,12.5,14.5,53
82S580,茶改東部分場,臺東縣,鹿野鄉,22.907694,121.130139,175,2025/7/29 00:00,0,0,0,0,0.5,12,12,12,12
72S590,東改賓朗果園,臺東縣,卑南鄉,22.813889,121.071278,290,2025/7/29 00:00,0,0,0,0.5,2,14.5,14.5,14.5,14.5
72S200,東改班鳩分場,臺東縣,卑南鄉,22.829528,121.077694,240,2025/7/29 00:00,0,0,0,0,2,14,14,14,14
A0A010,臺灣大學,臺北市,大安區,25.014278,121.539416,17,2025/7/29 00:00,0,0,7.5,7.5,8.5,8.5,8.5,11.5,12.5
C0C700,中壢,桃園市,中壢區,24.977661,121.256375,151,2025/7/29 00:00,0,0,8,8,8,8.5,8.5,19,19.5
C0I540,奇萊稜線,南投縣,仁愛鄉,24.109231,121.326456,3344,2025/7/29 00:00,0,0,0.5,24.5,48.5,63.5,63.5,65,74
C0I530,小奇萊,南投縣,仁愛鄉,24.131764,121.295717,3014,2025/7/29 00:00,0,0,0,36.5,46.5,69.5,69.5,74.5,90.5
C0F0D0,審馬陣,臺中市,和平區,24.381675,121.4203,3171,2025/7/29 00:00,0,0,0,5,59,79.5,79.5,13,-99
C0Z300,東里,花蓮縣,富里鄉,23.268528,121.305469,182,2025/7/29 00:00,0,0,0,0,0,13,13,13,13
C0Z290,赤柯山,花蓮縣,玉里鎮,23.368928,121.382931,946,2025/7/29 00:00,0,0,0.5,0.5,1,13,13,13,13.5
C0Z280,德武,花蓮縣,玉里鎮,23.474264,121.410711,224,2025/7/29 00:00,0,0,0,3.5,14,21.5,21.5,21.5,21.5
C0Z250,瑞穗林道,花蓮縣,卓溪鄉,23.492842,121.306883,1124,2025/7/29 00:00,0,0,0,3.5,8.5,18.5,18.5,19,32
C1Z240,中平林道,花蓮縣,卓溪鄉,23.421147,121.267631,1163,2025/7/29 00:00,0,0,0,5,33.5,44.5,44.5,44.5,44.5
C0Z230,和平,花蓮縣,秀林鄉,24.307169,121.770069,31,2025/7/29 00:00,0,0,0,1,3.5,3.5,3.5,3.5,3.5
C0Z220,和平林道,花蓮縣,秀林鄉,24.343922,121.656317,589,2025/7/29 00:00,0,0,0,2.5,33,33.5,33.5,34,34
C0Z210,瑞穗,花蓮縣,瑞穗鄉,23.5239,121.390211,126,2025/7/29 00:00,0,0,0,1,28.5,34,34,34,34
C0UA10,鴛鴦湖,宜蘭縣,大同鄉,24.590269,121.412228,1711,2025/7/29 00:00,0,0,0,11.5,27.5,27.5,27.5,30,48
C0UA00,土場,宜蘭縣,大同鄉,24.576533,121.495333,392,2025/7/29 00:00,0,0,0.5,5.5,9,9,9,10,13
C0U990,員山,宜蘭縣,員山鄉,24.74435,121.722472,31,2025/7/29 00:00,0,0,0.5,0.5,0.5,0.5,0.5,1.5,6.5
C0U980,坪林石牌,宜蘭縣,頭城鎮,24.864781,121.773961,573,2025/7/29 00:00,0,0,0.5,0.5,6,7,7,35.5,53.5
C0U970,大福,宜蘭縣,壯圍鄉,24.800636,121.813892,7,2025/7/29 00:00,0,0,0,0,0,0.5,0.5,3,4
C0U960,翠峰湖,宜蘭縣,大同鄉,24.510856,121.608044,1885,2025/7/29 00:00,0,0,0,2.5,11.5,12,12,23,65.5
C0U950,鶯子嶺,宜蘭縣,頭城鎮,24.897536,121.792444,1012,2025/7/29 00:00,0,0,2.5,3.5,5.5,6.5,6.5,15.5,18.5
C0U940,羅東,宜蘭縣,羅東鎮,24.681836,121.749344,25,2025/7/29 00:00,0,0,0,0,0.5,0.5,0.5,1,1
88T920,大興,花蓮縣,光復鄉,23.631944,121.397778,128,2025/7/29 00:00,0,0,0,6.5,6.5,8.5,8.5,9,12.5
CAAH60,大安森林,臺北市,大安區,25.02955,121.53628,18,2025/7/29 00:00,0,0,9,9,9,9,9,12.5,14
88K590,華山,雲林縣,古坑鄉,23.595278,120.596944,393,2025/7/29 00:00,0,0,0,0,5,23.5,23.5,32,112.5
88U940,寒溪,宜蘭縣,大同鄉,24.609167,121.686944,175,2025/7/29 00:00,0,0,0,3,3,3,3,5,17.5
C0K580,高鐵雲林,雲林縣,虎尾鎮,23.737456,120.417944,26,2025/7/29 00:00,0,0,0,0,69,131,131,136.5,171.5
C0E870,高鐵苗栗,苗栗縣,後龍鎮,24.60725,120.826094,34,2025/7/29 00:00,0,0,1,23.5,23.5,28.5,28.5,136.5,137
C0AH80,深坑,新北市,深坑區,25.002703,121.628328,68,2025/7/29 00:00,0.5,0.5,15,15,15,15,15,16.5,19
A0A460,文化大學,臺北市,士林區,25.13605,121.53987,424.4,2025/7/29 00:00,0.3,0,26.5,38.7,39.5,39.7,39.7,45,50.6
C2C410,中央大學,桃園市,中壢區,24.967652,121.185165,129,2025/7/29 00:00,0,0,1,1,2,2.5,2.5,14,16
C0F0C0,中坑,臺中市,和平區,24.248517,120.903319,983,2025/7/29 00:00,0,0,0,0.5,5,32,32,40.5,111
C0Z270,蕃薯寮,花蓮縣,壽豐鄉,23.73835,121.540108,343,2025/7/29 00:00,0,0,0,3.5,9.5,11.5,11.5,11.5,11.5
C0Z200,萬榮,花蓮縣,鳳林鎮,23.709219,121.420106,153,2025/7/29 00:00,0,0,0.5,11.5,30,36,36,36,36.5
01AD90,覽勝橋,新北市,烏來區,24.862306,121.551378,108,2025/7/29 00:00,1,0,4,24,26,26,26,29,30
C0Z190,富世,花蓮縣,秀林鄉,24.147433,121.629703,62,2025/7/29 00:00,0,0,0,0.5,17,21,21,21,24.5
C0Z180,新城,花蓮縣,新城鄉,24.040486,121.604878,37,2025/7/29 00:00,0,0,0,1,2,5.5,5.5,5.5,6.5
C1U920,思源,宜蘭縣,大同鄉,24.393125,121.347214,2085,2025/7/29 00:00,0,0,0.5,4,58.5,67,67,72.5,72.5
C0U910,冬山,宜蘭縣,冬山鄉,24.633725,121.793697,17,2025/7/29 00:00,0,0,0,0.5,1,1.5,1.5,1.5,1.5
C0Z170,卓溪,花蓮縣,卓溪鄉,23.344331,121.302853,216,2025/7/29 00:00,0,0,0,0.5,1,12,12,12,12
C0Z160,鳳林,花蓮縣,鳳林鎮,23.746114,121.453411,124,2025/7/29 00:00,0,0,0,6.5,67.5,70,70,70,70
C0Z150,吉安光華,花蓮縣,吉安鄉,23.930925,121.595153,27,2025/7/29 00:00,0,0,0,3.5,32,33.5,33.5,33.5,33.5
C0U860,頭城,宜蘭縣,頭城鎮,24.853233,121.830797,5,2025/7/29 00:00,0,0,1,1,1.5,2,2,172.5,173.5
C0U900,內城,宜蘭縣,員山鄉,24.718133,121.687664,63,2025/7/29 00:00,0,0,0.5,1.5,4,4,4,4.5,6
C0U890,三星,宜蘭縣,三星鄉,24.668122,121.653017,116,2025/7/29 00:00,0,0,0,0.5,1,1.5,1.5,3,5
C1Z140,荖溪,花蓮縣,秀林鄉,23.890575,121.459639,950,2025/7/29 00:00,0,0,0,4,45.5,49,49,49,51
C1Z130,銅門,花蓮縣,秀林鄉,23.965694,121.492842,187,2025/7/29 00:00,0,0,0,3,30.5,33.5,33.5,33.5,34
C1Z120,壽豐,花蓮縣,壽豐鄉,23.870853,121.508081,62,2025/7/29 00:00,0,0,0,4,26.5,28.5,28.5,28.5,29.5
C1Z110,三棧,花蓮縣,秀林鄉,24.115569,121.605006,680,2025/7/29 00:00,0,0,0,0.5,17,22,22,22.5,31
C0U870,大礁溪,宜蘭縣,礁溪鄉,24.791042,121.675047,474,2025/7/29 00:00,0,0,0,4,4,4,4,21,42
C0U720,南山,宜蘭縣,大同鄉,24.437419,121.381669,1260,2025/7/29 00:00,0,0,0,4,25,29,29,31,31.5
C0AH70,松山,臺北市,松山區,25.048711,121.550428,34,2025/7/29 00:00,0,0,16,16.5,16.5,16.5,16.5,19.5,20.5
C0W150,金寧,金門縣,金寧鄉,24.457703,118.328989,42,2025/7/29 00:00,0,0,0.5,0.5,1,1,1,3,3.5
C0W140,金沙,金門縣,金沙鎮,24.488292,118.408778,21,2025/7/29 00:00,0,0,0,0,1.5,1.5,1.5,2.5,4.5
81C780,奎輝國小,桃園市,復興區,24.7975,121.334444,357,2025/7/29 00:00,0.5,0,0.5,26,35,35.5,35.5,44.5,57.5
81S920,金峰鄉公所,臺東縣,金峰鄉,22.598647,120.960944,135,2025/7/29 00:00,0,0,0,1,16.5,21,21,21,22
81T910,東里國中,花蓮縣,富里鄉,23.263333,121.303056,173,2025/7/29 00:00,0,0,0,0,0,10,10,10,10
81T870,東興部落,花蓮縣,豐濱鄉,23.635204,121.530893,26,2025/7/29 00:00,0,0,0,1.5,1.5,4,4,4,4
81T860,山興分校,花蓮縣,鳳林鎮,23.727778,121.4975,98,2025/7/29 00:00,0,0,0,24,26.5,28.5,28.5,28.5,28.5
81U910,永樂國小,宜蘭縣,蘇澳鎮,24.575833,121.844167,45,2025/7/29 00:00,0,0,0,0.5,0.5,0.5,0.5,2.5,2.5
81U900,大溪國小,宜蘭縣,頭城鎮,24.935556,121.886944,12,2025/7/29 00:00,0,0,0.5,0.5,0.5,0.5,0.5,15.5,16.5
81U890,大里國小,宜蘭縣,頭城鎮,24.970278,121.926111,24,2025/7/29 00:00,0,0,2.5,3,3,3,3,11.5,12.5
81R660,內獅國小,屏東縣,獅子鄉,22.305,120.644722,22,2025/7/29 00:00,13,0,17,39,39,43,43,43,64.5
81H990,羅娜國小,南投縣,信義鄉,23.628333,120.870556,948,2025/7/29 00:00,0,0,0,0,0,10,10,12,31.5
81H980,車籠埔,南投縣,竹山鎮,23.793611,120.710833,150,2025/7/29 00:00,0,0,0,0,0,20.5,20.5,37.5,104
81H970,永興國小,南投縣,水里鄉,23.784838,120.86372,304,2025/7/29 00:00,0,0,0,1.5,2,14,14,29,95
81H960,北港國小,南投縣,國姓鄉,24.056661,120.911322,363,2025/7/29 00:00,0,0,0,0,0,54,54,71.5,145.5
81H950,福龜國小,南投縣,國姓鄉,24.011505,120.822421,254,2025/7/29 00:00,0,0,0,0,0,41,41,51,121.5
81H940,人和國小,南投縣,水里鄉,23.77896,120.896691,460,2025/7/29 00:00,0,0,0,0,13,23.5,23.5,117.5,179
81H930,玉峰國小,南投縣,水里鄉,23.805589,120.837618,284,2025/7/29 00:00,0,0,0,0,0,14,14,18.5,98.5
81H920,德化國小,南投縣,魚池鄉,23.84869,120.935333,804,2025/7/29 00:00,0,0,0,0,0,25.5,25.5,34,85
81H910,平林國小,南投縣,草屯鎮,23.992778,120.7625,198,2025/7/29 00:00,0,0,0,0.5,0.5,37,37,44.5,107
81H900,大觀發電廠,南投縣,水里鄉,23.854531,120.869499,440,2025/7/29 00:00,0,0,0,0,0,27,27,34.5,95
81F910,達觀國小,臺中市,和平區,24.333611,120.920278,572,2025/7/29 00:00,0,0,0,3,3,31.5,31.5,37.5,109.5
81F900,峰谷國小,臺中市,霧峰區,24.035278,120.724444,143,2025/7/29 00:00,0,0,0,1,1,43,43,49.5,71
81F880,中坑國小,臺中市,和平區,24.236389,120.88,482,2025/7/29 00:00,0,0,0,1,1,26.5,26.5,33.5,86
81E720,慈惠堂,苗栗縣,銅鑼鄉,24.4475,120.790278,482,2025/7/29 00:00,0,0,0,1,1,18.5,18.5,69,69
81E710,開礦國小,苗栗縣,公館鄉,24.461667,120.863889,207,2025/7/29 00:00,0,0,0,0.5,0.5,34,34,70.5,97.5
81D660,花園派出所,新竹縣,五峰鄉,24.646103,121.151106,489,2025/7/29 00:00,0,0,1,24.5,52,52.5,52.5,63,83.5
81D630,尖石國小,新竹縣,尖石鄉,24.728728,121.226523,372,2025/7/29 00:00,0,0,0,10.5,10.5,10.5,10.5,18,25
81C700,大艽芎古道,桃園市,大溪區,24.825,121.288611,267,2025/7/29 00:00,0.5,0,1,12,12,15,15,21,30.5
81AI20,有木國小,新北市,三峽區,24.853611,121.4375,249,2025/7/29 00:00,0.5,0,1,5,5,5.5,5.5,10,18
81AI10,建安國小,新北市,三峽區,24.925692,121.446624,91,2025/7/29 00:00,0,0,1.5,17,17,19,19,20,23
81AI00,五寮國小,新北市,三峽區,24.858889,121.36,172,2025/7/29 00:00,0,0,0.5,0.5,0.5,5,5,10,18.5
81AH90,信賢派出所,新北市,烏來區,24.838333,121.526111,253,2025/7/29 00:00,1,0,2,18,22.5,22.5,22.5,26.5,27
81AH80,五城加油站,新北市,新店區,24.939858,121.470989,73,2025/7/29 00:00,0,0,0.5,5,5,5,5,6,9
81AH70,柑林國小,新北市,雙溪區,25.015833,121.804444,93,2025/7/29 00:00,0,0,0.5,0.5,0.5,0.5,0.5,4.5,5
81AH60,長坑國小,新北市,八里區,25.126667,121.390556,34,2025/7/29 00:00,0,0,1,2.5,2.5,2.5,2.5,13,14.5
81AH50,萬里國小,新北市,萬里區,25.175833,121.689444,10,2025/7/29 00:00,2,1,7,8,8,8,8,11,12.5
81E880,火炎山,苗栗縣,三義鄉,24.356087,120.729316,210,2025/7/29 00:00,0,0,0,9.5,9.5,51,51,118.5,120
81S930,射馬干,臺東縣,卑南鄉,22.725061,121.03782,55,2025/7/29 00:00,0,0,0,0,8.5,16,16,16,16
81T9J0,鳳義坑,花蓮縣,鳳林鎮,23.740881,121.42608,304,2025/7/29 00:00,0,0,0,17,54,59.5,59.5,59.5,60
81AI30,大粗坑,新北市,瑞芳區,25.091251,121.838927,84,2025/7/29 00:00,0,0,1,1,1,1,1,2.5,2.5
81I560,豐丘,南投縣,信義鄉,23.667997,120.876961,613,2025/7/29 00:00,0,0,0,0,10,25,25,28.5,48.5
81I550,郡坑,南投縣,水里鄉,23.739861,120.870126,421,2025/7/29 00:00,0,0,0,0,31,41.5,41.5,54.5,110
81I540,上安,南投縣,水里鄉,23.72541,120.876679,459,2025/7/29 00:00,0,0,0,0,16.5,27.5,27.5,52,99
81I530,神木,南投縣,信義鄉,23.528204,120.856691,1179,2025/7/29 00:00,0,0,0,0,1.5,17.5,17.5,20,34
81I520,九份二山,南投縣,國姓鄉,23.949895,120.854392,527,2025/7/29 00:00,0,0,0,0,2.5,62.5,62.5,78,152.5
81E870,白布帆,苗栗縣,卓蘭鎮,24.298227,120.905896,496,2025/7/29 00:00,0,0,0,0,0,24.5,24.5,29,92
C0AH40,平等,臺北市,士林區,25.129142,121.577086,426,2025/7/29 00:00,0.5,0,40.5,40.5,41,42,42,45,51
C0W130,花嶼,澎湖縣,望安鄉,23.400069,119.322761,18,2025/7/29 00:00,0,0,0,0,30.5,66.5,66.5,81.5,81.5
C0W120,西嶼,澎湖縣,西嶼鄉,23.5626,119.468436,58,2025/7/29 00:00,3,0,4.5,4.5,4.5,11.5,11.5,34.5,35
C0W110,東莒,連江縣,莒光鄉,25.965197,119.980686,16,2025/7/29 00:00,10,0.5,10.5,11.5,11.5,11.5,11.5,27.5,64
C0M860,新美,嘉義縣,阿里山鄉,23.338017,120.683331,578,2025/7/29 00:00,0,0,0,1,43,116.5,116.5,166,183.5
C0F9Z0,雪山東峰,臺中市,和平區,24.388792,121.268675,3193,2025/7/29 00:00,0,0,2.5,12,18.5,40,40,30.5,-99
C0F9Y0,桃山,臺中市,和平區,24.432739,121.303808,3313,2025/7/29 00:00,0,0,0.5,5.5,17.5,24,24,30.5,42
C0R620,墾雷,屏東縣,恆春鎮,21.900836,120.855269,34,2025/7/29 00:00,4,0.5,21,22,22,22,22,22,22
O1T840,花蓮,花蓮縣,花蓮市,23.972934,121.605986,18,2025/7/29 00:00,0,0,0,3,60,61,61,61,61
01T240,苗圃,花蓮縣,卓溪鄉,23.417015,121.279375,940,2025/7/29 00:00,0,0,0,5,18,29,29,29,29
01D190,鳥嘴山,新竹縣,尖石鄉,24.719164,121.28372,770,2025/7/29 00:00,0,0,0,4,66,67,67,76,93
01D100,太閣南,新竹縣,五峰鄉,24.625286,121.148046,940,2025/7/29 00:00,0,0,1,11,46,46,46,59,74
C0AH30,五分山,新北市,瑞芳區,25.07125,121.780794,755,2025/7/29 00:00,0,0,1.5,2,2,2.5,2.5,6,10
C0S890,關山,臺東縣,關山鎮,23.0395,121.175017,238,2025/7/29 00:00,0,0,0,0,0,9.5,9.5,10,10
C0I490,萬大林道,南投縣,仁愛鄉,23.928228,121.091411,1601,2025/7/29 00:00,0,0,0,1.5,74,96,96,98.5,143
C0I480,梅峰,南投縣,仁愛鄉,24.085272,121.173572,2165,2025/7/29 00:00,0,0,0,19,57,82,82,92,132
C1I470,杉林溪,南投縣,竹山鎮,23.639517,120.786444,1680,2025/7/29 00:00,0.5,0,0.5,0.5,1,17,17,20.5,55
C0K560,棋山,雲林縣,古坑鄉,23.68645,120.603417,117,2025/7/29 00:00,0,0,0,0,2,27,27,38.5,101
C0X300,鹿寮,臺南市,白河區,23.386047,120.477331,70,2025/7/29 00:00,0,0,0,0,93.5,343.5,343.5,368,423
C0M820,達邦,嘉義縣,阿里山鄉,23.453994,120.749517,980,2025/7/29 00:00,0,0,0,0,27,55.5,55.5,74.5,115.5
C0M810,里佳,嘉義縣,阿里山鄉,23.389125,120.716647,1354,2025/7/29 00:00,0,0,0.5,1,29.5,63,63,109.5,151.5
C0M800,茶山,嘉義縣,阿里山鄉,23.299075,120.664767,440,2025/7/29 00:00,0,0,0,0.5,29.5,178.5,178.5,234,256.5
C0K550,蔦松,雲林縣,水林鄉,23.514319,120.229736,15,2025/7/29 00:00,0,0,0,0,29,399.5,399.5,417,458
C1K540,口湖,雲林縣,口湖鄉,23.585344,120.180517,15,2025/7/29 00:00,5,0,5,5,5,136.5,136.5,146,183
C1I500,大尖山,南投縣,仁愛鄉,23.858572,120.994889,2017,2025/7/29 00:00,0,0,0,0,16.5,31.5,31.5,38,71.5
C1I510,線浸林道,南投縣,鹿谷鄉,23.761508,120.832956,1208,2025/7/29 00:00,0,0,0,0,7,18.5,18.5,22.5,102.5
C1I450,望鄉山,南投縣,信義鄉,23.594153,120.944286,3025,2025/7/29 00:00,0,0,0,0,0,18.5,18.5,21,39
C0I460,南投,南投縣,南投市,23.911469,120.687331,110,2025/7/29 00:00,0,0,0,0,0.5,29,29,35,80.5
C0V810,左營,高雄市,左營區,22.674911,120.284911,32,2025/7/29 00:00,24.5,2,58,106.5,114,140,140,140,151
C0I080,信義,南投縣,信義鄉,23.689694,120.851036,536,2025/7/29 00:00,0,0,0,0,24.5,35.5,35.5,39.5,73
C0H890,埔里,南投縣,埔里鎮,23.972169,120.952425,440,2025/7/29 00:00,0,0,0,0,0,41,41,51,106.5
C0K250,崙背,雲林縣,崙背鄉,23.75555,120.318925,12,2025/7/29 00:00,0,0,0,0,3,37.5,37.5,51,80
C0M770,梅山,嘉義縣,梅山鄉,23.585386,120.555581,164,2025/7/29 00:00,0,0,0,0.5,9,41.5,41.5,53,192
C0M790,新港,嘉義縣,新港鄉,23.553261,120.345719,15,2025/7/29 00:00,0,0,0,0,48.5,354,354,368,415.5
C0M740,六腳,嘉義縣,六腳鄉,23.492864,120.290611,15,2025/7/29 00:00,0,0,0,0,38.5,424,424,434.5,500.5
C0M780,鹿草,嘉義縣,鹿草鄉,23.411322,120.308333,30,2025/7/29 00:00,0,0,0.5,0.5,20,433.5,433.5,440,545
C0M750,布袋,嘉義縣,布袋鎮,23.380864,120.167778,10,2025/7/29 00:00,0,0,0,0,104.5,245.5,245.5,248,305
C0K500,元長,雲林縣,元長鄉,23.649797,120.315011,12,2025/7/29 00:00,0,0,0,0,8,142.5,142.5,146.5,164.5
C0K530,臺西,雲林縣,臺西鄉,23.701544,120.197547,12,2025/7/29 00:00,0,0,0,0,0,32.5,32.5,35.5,46.5
C0G940,竹塘,彰化縣,竹塘鄉,23.848253,120.386764,21,2025/7/29 00:00,0,0,0,0,12.5,66.5,66.5,79.5,91.5
C0K480,莿桐,雲林縣,莿桐鄉,23.761192,120.502372,56,2025/7/29 00:00,0,0,0,0,19.5,88,88,111,140.5
C0K450,大埤,雲林縣,大埤鄉,23.646064,120.431525,35,2025/7/29 00:00,0,0,0,0,19.5,118,118,132,155
C0M760,民雄,嘉義縣,民雄鄉,23.551742,120.428444,40,2025/7/29 00:00,0,0,0,0,34,228.5,228.5,247,318
C0K590,雲林東勢,雲林縣,東勢鄉,23.674194,120.255722,18,2025/7/29 00:00,0,0,0,0,2,71.5,71.5,85,122
C0G740,大城,彰化縣,大城鄉,23.852481,120.320922,24,2025/7/29 00:00,0,0,0,0,42.5,82.5,82.5,99,108
C0K470,林內,雲林縣,林內鄉,23.748675,120.609642,97,2025/7/29 00:00,0,0,0,0,1,44,44,65.5,104
C0M680,太保,嘉義縣,太保市,23.455047,120.331439,37,2025/7/29 00:00,0,0,0,0,35,441,441,450,501
C0K410,北港,雲林縣,北港鎮,23.574056,120.291786,20,2025/7/29 00:00,0,0,0,0,28,256.5,256.5,261,295.5
C0M650,朴子,嘉義縣,朴子市,23.434628,120.239019,20,2025/7/29 00:00,7,3.5,7,7,41,316.5,316.5,324,374
C0K400,斗六,雲林縣,斗六市,23.720575,120.541117,65,2025/7/29 00:00,0,0,0,0,14.5,72,72,87,128
C0K460,斗南,雲林縣,斗南鎮,23.678725,120.478347,60,2025/7/29 00:00,0,0,0,0,25.5,91.5,91.5,108.5,155
C0G720,溪州,彰化縣,溪州鄉,23.851597,120.499083,50,2025/7/29 00:00,0,0,0,0,29,79,79,87.5,109
C0X240,關子嶺,臺南市,白河區,23.331169,120.508025,394,2025/7/29 00:00,0,0,0,0,121,384,384,414,463
C0M730,嘉義市東區,嘉義市,東區,23.457656,120.460517,40,2025/7/29 00:00,0,0,0,0,63.5,230,230,240.5,357.5
C0M690,水上,嘉義縣,水上鄉,23.419719,120.388894,33,2025/7/29 00:00,0,0,0,0,34,363,363,377,440
C0M710,東石,嘉義縣,東石鄉,23.458911,120.153831,15,2025/7/29 00:00,0,0,0,0,17.5,163.5,163.5,175.5,218.5
C0K390,土庫,雲林縣,土庫鎮,23.679019,120.395561,31,2025/7/29 00:00,0,0,0,0,64,160.5,160.5,166.5,184.5
C0K420,西螺,雲林縣,西螺鎮,23.8004,120.467383,42,2025/7/29 00:00,0,0,0,0,44.5,100.5,100.5,108,136.5
C0X260,後壁,臺南市,後壁區,23.366342,120.362306,39,2025/7/29 00:00,0,0,0,0,41.5,423,423,429,499
C0X220,學甲,臺南市,學甲區,23.230347,120.182167,26,2025/7/29 00:00,2,0.5,2.5,2.5,41,90.5,90.5,91,114
C0X230,鹽水,臺南市,鹽水區,23.272603,120.247622,29,2025/7/29 00:00,0,0,0,0,70,153.5,153.5,159.5,215.5
C0M640,中埔,嘉義縣,中埔鄉,23.425381,120.522903,155,2025/7/29 00:00,0,0,0,0,101.5,225.5,225.5,233,298.5
C0M700,竹崎,嘉義縣,竹崎鄉,23.526167,120.555497,150,2025/7/29 00:00,0,0,0,0,18.5,62,62,67.5,183.5
C0K440,二崙,雲林縣,二崙鄉,23.772797,120.408944,35,2025/7/29 00:00,0,0,0,0,24.5,75,75,90,124
C0M660,溪口,嘉義縣,溪口鄉,23.604119,120.403556,40,2025/7/29 00:00,0,0,0,0,48.5,211,211,227,267
C0K430,褒忠,雲林縣,褒忠鄉,23.690928,120.303619,30,2025/7/29 00:00,0,0,0,0,4.5,90.5,90.5,117.5,153.5
C0X280,將軍,臺南市,將軍區,23.214972,120.135761,22,2025/7/29 00:00,1,0,1,1,14.5,42.5,42.5,43.5,58.5
C0X250,新營,臺南市,新營區,23.310694,120.316681,33,2025/7/29 00:00,1,0,1,1,46.5,264,264,272.5,342
C0M720,番路,嘉義縣,番路鄉,23.464644,120.554144,225,2025/7/29 00:00,0,0,0,0,49,98.5,98.5,111,188.5
C0X210,白河,臺南市,白河區,23.347467,120.414428,38,2025/7/29 00:00,0,0,0,0,70,355.5,355.5,375.5,452
C0G730,二林,彰化縣,二林鎮,23.903319,120.376069,27,2025/7/29 00:00,0,0,0,0,31.5,68.5,68.5,86,94
C0I410,名間,南投縣,名間鄉,23.837053,120.701447,180,2025/7/29 00:00,0,0,0,0,0,37.5,37.5,49.5,108.5
C0I380,集集,南投縣,集集鎮,23.828206,120.801467,258,2025/7/29 00:00,0,0,0,0,0,27.5,27.5,38.5,143
C0I360,水里,南投縣,水里鄉,23.812553,120.849792,300,2025/7/29 00:00,0,0,0,0,0.5,19,19,24.5,91.5
C0I390,仁愛,南投縣,仁愛鄉,24.022122,121.132206,1184,2025/7/29 00:00,0,0,0,5,11,54.5,54.5,60,105
C1I430,翠華,南投縣,仁愛鄉,24.191961,121.224339,2415,2025/7/29 00:00,0,0,1.5,41.5,51,74,74,84.5,98
C0I420,國姓,南投縣,國姓鄉,24.037803,120.855072,305,2025/7/29 00:00,0,0,0,1,1.5,53.5,53.5,68.5,143
C0I370,魚池,南投縣,魚池鄉,23.895703,120.94135,671,2025/7/29 00:00,0,0,0,0,0,24.5,24.5,38.5,84.5
C1I400,凌霄,南投縣,仁愛鄉,24.018778,121.004456,1399,2025/7/29 00:00,0,0,0,0,0.5,45,45,53.5,136
81S910,膽曼,臺東縣,成功鎮,23.224869,121.412806,21,2025/7/29 00:00,0,0,0,0,0.5,7,7,7,7
81S900,加拿國小,臺東縣,鹿野鄉,23.001003,121.130944,328,2025/7/29 00:00,0,0,0,0,2.5,11,11,11,11
81S880,愛國埔分校,臺東縣,大武鄉,22.457746,120.922713,65,2025/7/29 00:00,1.5,0.5,3,3,3,3.5,3.5,3.5,4
81R650,丹路國小,屏東縣,獅子鄉,22.203384,120.751358,119,2025/7/29 00:00,1.5,0,17.5,20,20,20,20,20,25
81O960,崁頭山,臺南市,東山區,23.267835,120.501621,575,2025/7/29 00:00,0,0,0,4.5,6,222,222,256.5,282
81M670,新美國小,嘉義縣,阿里山鄉,23.337816,120.683124,560,2025/7/29 00:00,0,0,0,4.5,30,107,107,156,173
81U860,金岳國小,宜蘭縣,南澳鄉,24.47039,121.777318,46,2025/7/29 00:00,0,0,0,1,1,1,1,2.5,5
81AH40,精忠,新北市,新店區,24.959713,121.53208,47,2025/7/29 00:00,0,0,0,0,0,0,0,0,1
88T830,和中,花蓮縣,秀林鄉,24.270832,121.741801,21,2025/7/29 00:00,0,0,0,6,6,6,6,6,6
O1R630,崁頂,屏東縣,崁頂鄉,22.513226,120.511111,8,2025/7/29 00:00,13,0,64,64,85,165,165,165,190
O1I360,楠溪,南投縣,信義鄉,23.472849,120.907956,2600,2025/7/29 00:00,0,0,0,0,13,34,34,38,57
O1M650,外來吉,嘉義縣,阿里山鄉,23.529649,120.739968,850,2025/7/29 00:00,0,0,0,0,15,28,28,46,97
O1M640,豐山,嘉義縣,阿里山鄉,23.574615,120.746747,1052,2025/7/29 00:00,0,0,0,0,9,24,24,36,87
O1AH30,吉林國小,新北市,貢寮區,24.985827,121.887489,174,2025/7/29 00:00,0,0,0,0,0,0,0,5,6
O1AH20,上林國小,新北市,雙溪區,25.029351,121.832514,71,2025/7/29 00:00,0,0,0,0,0,0,0,5,6
O1V820,圓富國中,高雄市,旗山區,22.926574,120.509127,97,2025/7/29 00:00,0,0,0,0,81,148,148,178,219
O1V810,溝坪,高雄市,內門區,22.990682,120.509017,65,2025/7/29 00:00,0,0,0,0,104,168,168,184,220
O1V550,多納(1),高雄市,茂林區,22.910218,120.716048,454.3,2025/7/29 00:00,0,0,0,0,68,174,174,258,273
O1V540,高中(2),高雄市,六龜區,23.110591,120.703273,565.9,2025/7/29 00:00,0,0,0,0,61,185,185,228,242
O1V520,民權,高雄市,那瑪夏區,23.240357,120.696723,587,2025/7/29 00:00,0,0,0,0,53,163,163,228,239
O1V510,寶山,高雄市,桃源區,23.036624,120.708888,1067,2025/7/29 00:00,0,0,0,0,89,223,223,288,322
O1T820,太平國小,花蓮縣,卓溪鄉,23.405748,121.320127,150,2025/7/29 00:00,0,0,0,3,6,15,15,15,15
O1T810,卓清國小,花蓮縣,卓溪鄉,23.278428,121.271983,203,2025/7/29 00:00,0,0,0,0,0,14,14,14,14
O1T800,奇美國小,花蓮縣,瑞穗鄉,23.496927,121.445929,103,2025/7/29 00:00,0,0,0,3,19,25,25,25,25
O1S690,神山,屏東縣,霧臺鄉,22.748999,120.728297,725,2025/7/29 00:00,0,0,0,0,40,174,174,310,324
O1S680,金針山,臺東縣,金峰鄉,22.642801,120.952564,1110,2025/7/29 00:00,0,0,1,1,7,26,26,26,28
O1S660,賓茂國小,臺東縣,太麻里鄉,22.532409,120.954393,43,2025/7/29 00:00,0,0,0,0,5,14,14,14,14
O1S650,利吉國小,臺東縣,卑南鄉,22.838676,121.139022,130,2025/7/29 00:00,0,0,0,0,4,11,11,11,11
O1R620,新庄國小,屏東縣,萬丹鄉,22.560122,120.488328,9.6,2025/7/29 00:00,2,0,30,31,51,106,106,109,152
O1D590,成德中學,新竹市,北區,24.789844,120.952712,97,2025/7/29 00:00,0,0,0,15,15,18,18,63,63
O1D580,內湖國小,新竹市,香山區,24.742156,120.906944,58,2025/7/29 00:00,0,0,0,19,19,22,22,113,114
O1D570,新城國小,新竹縣,寶山鄉,24.73339,120.967392,84,2025/7/29 00:00,0,0,0,21,41,45,45,98,99
01W010,望安,澎湖縣,望安鄉,23.360891,119.500614,18,2025/7/29 00:00,27,0,27,27,32,49,49,50,50
01V070,天池,高雄市,桃源區,23.277581,120.916901,2230,2025/7/29 00:00,0,0,0,2,10,47,47,63,74
01V060,梅山(2),高雄市,桃源區,23.265549,120.824866,850,2025/7/29 00:00,0,0,0,0,26,81,81,108,121
01V040,六龜(4),高雄市,六龜區,22.997838,120.633563,259.5,2025/7/29 00:00,0,0,0,0,60,177,177,252,270
01U790,清水,宜蘭縣,大同鄉,24.614906,121.637272,268,2025/7/29 00:00,0,0,0,1,13,13,13,14,35
01U780,四季,宜蘭縣,大同鄉,24.488418,121.426136,804,2025/7/29 00:00,0,0,0,4,6,7,7,9,12
01U560,太平山(1),宜蘭縣,大同鄉,24.494522,121.536435,1960,2025/7/29 00:00,0,0,0,5,14,14,14,18,31
01U470,武塔,宜蘭縣,南澳鄉,24.449458,121.77722,32,2025/7/29 00:00,0,0,0,2,59,59,59,60,62
01U460,五峰,宜蘭縣,礁溪鄉,24.829997,121.748477,83,2025/7/29 00:00,0,0,0,0,1,1,1,44,59
01U450,樟林,宜蘭縣,南澳鄉,24.42585,121.749405,160,2025/7/29 00:00,0,0,0,3,74,75,75,75,77
01U230,大濁水,宜蘭縣,南澳鄉,24.329422,121.739594,48,2025/7/29 00:00,0,0,0,2,8,8,8,8,8
01U190,新北城,宜蘭縣,冬山鄉,24.680903,121.748775,16.5,2025/7/29 00:00,0,0,0,0,1,2,2,2,2
01U130,冬山,宜蘭縣,冬山鄉,24.635687,121.783933,5,2025/7/29 00:00,0,0,0,0,2,2,2,3,3
01U120,新寮(1),宜蘭縣,冬山鄉,24.624996,121.751929,60,2025/7/29 00:00,0,0,0,1,9,9,9,10,10
01U080,南山,宜蘭縣,大同鄉,24.437089,121.379327,1050,2025/7/29 00:00,0,0,0,4,34,38,38,41,41
01U070,留茂安,宜蘭縣,大同鄉,24.531772,121.451236,585,2025/7/29 00:00,0,0,1,4,11,11,11,13,18
01U060,梵梵(2),宜蘭縣,大同鄉,24.613062,121.525585,295,2025/7/29 00:00,0,0,0,10,27,27,27,28,32
01U050,土場(1),宜蘭縣,大同鄉,24.572873,121.49644,400,2025/7/29 00:00,0,0,0,5,8,8,8,9,12
01T9L0,東富,花蓮縣,光復鄉,23.684836,121.482088,110,2025/7/29 00:00,0,0,0,10,24,27,27,27,27
01T9J0,六十石山,花蓮縣,富里鄉,23.217557,121.32297,730,2025/7/29 00:00,0,0,0,0,0,10,10,10,10
01T730,豐濱,花蓮縣,豐濱鄉,23.602442,121.520492,30,2025/7/29 00:00,0,0,0,4,6,7,7,7,7
01T720,明里,花蓮縣,富里鄉,23.202324,121.25167,210,2025/7/29 00:00,0,0,0,0,1,11,11,11,11
01T670,新東礦,花蓮縣,萬榮鄉,23.814841,121.403464,1100,2025/7/29 00:00,0,0,0,8,36,40,40,40,42
01T560,西林,花蓮縣,萬榮鄉,23.819214,121.432069,200,2025/7/29 00:00,0,0,0,5,57,60,60,60,61
01T500,北埔,花蓮縣,新城鄉,24.037079,121.604462,20,2025/7/29 00:00,0,0,0,1,2,6,6,6,6
01T230,立山,花蓮縣,卓溪鄉,23.430078,121.312632,180,2025/7/29 00:00,0,0,0,6,10,20,20,20,20
01T220,卓麓(4),花蓮縣,卓溪鄉,23.295556,121.266944,207,2025/7/29 00:00,0,0,0,0,0,12,12,12,12
01S870,北源,臺東縣,東河鄉,23.037536,121.301007,135,2025/7/29 00:00,0,0,0,0,0,7,7,7,7
01S860,電光,臺東縣,關山鎮,23.006248,121.173241,220,2025/7/29 00:00,0,0,0,0,0,9,9,16,16
01S610,台東(7),臺東縣,臺東市,22.753496,121.158652,31,2025/7/29 00:00,0,0,0,0,1,7,7,7,7
01S570,上里,臺東縣,延平鄉,22.877254,121.057045,274,2025/7/29 00:00,0,0,0,1,4,17,17,17,17
01S560,南鵝,臺東縣,卑南鄉,22.766264,121.024368,180,2025/7/29 00:00,0,0,1,1,5,21,21,21,21
01S470,向陽(2),臺東縣,海端鄉,23.247932,120.985899,2362,2025/7/29 00:00,0,0,0,0,2,20,20,22,22
01S440,新武(3),臺東縣,海端鄉,23.132568,121.122873,465,2025/7/29 00:00,0,0,0,0,2,9,9,9,9
01S430,霧鹿,臺東縣,海端鄉,23.169246,121.041436,925,2025/7/29 00:00,0,0,0,0,0,10,10,10,10
01S360,紹家,臺東縣,達仁鄉,22.379592,120.858181,480,2025/7/29 00:00,4,0,5,5,6,6,6,6,7
01S270,樟原(1),臺東縣,長濱鄉,23.403797,121.459474,115,2025/7/29 00:00,0,0,0,2,4,11,11,11,11
01S260,忠勇,臺東縣,長濱鄉,23.325933,121.439636,153,2025/7/29 00:00,0,0,0,0,0,9,9,9,9
01S210,知本(5),臺東縣,卑南鄉,22.690878,120.99909,173,2025/7/29 00:00,0,0,0,0,4,22,22,22,22
01S130,武陵,臺東縣,延平鄉,22.969742,121.11534,288,2025/7/29 00:00,0,0,0,0,0,10,10,10,10
O1R450,新豐(1),屏東縣,高樹鄉,22.855418,120.617155,114,2025/7/29 00:00,0,0,0,1,59,151,151,188,211
01R440,泗林,屏東縣,潮州鎮,22.545635,120.569592,28.7,2025/7/29 00:00,27,0,69,70,101,187,187,190,195
01R040,士文,屏東縣,春日鄉,22.368323,120.663618,410,2025/7/29 00:00,30,0,62,63,69,95,95,103,139
01R030,大漢山,屏東縣,春日鄉,22.419298,120.683098,1080,2025/7/29 00:00,11,0,39,40,51,117,117,138,174
01R000,壽卡,屏東縣,獅子鄉,22.245154,120.835687,420,2025/7/29 00:00,14,0,19,19,20,23,23,43,51
01Q930,三地門,屏東縣,瑪家鄉,22.708369,120.649251,150,2025/7/29 00:00,0,0,0,0,87,172,172,250,287
01Q920,新瑪家,屏東縣,瑪家鄉,22.675384,120.686784,750,2025/7/29 00:00,4,0,4,4,65,224,224,328,385
01Q860,牡丹,屏東縣,牡丹鄉,22.175595,120.836703,320,2025/7/29 00:00,8,0,13,13,14,16,16,18,20
01Q610,古夏,屏東縣,三地門鄉,22.76625,120.64444,144,2025/7/29 00:00,0,0,0,0,53,142,142,178,212
01Q360,南和,屏東縣,來義鄉,22.434551,120.638399,140,2025/7/29 00:00,4,0,30,32,46,114,114,116,147
01Q350,新來義,屏東縣,來義鄉,22.526997,120.678346,250,2025/7/29 00:00,8,0,52,53,90,230,230,245,275
01P770,美濃(2),高雄市,美濃區,22.892969,120.540195,61.1,2025/7/29 00:00,0,0,0,0,80,146,146,172,208
01P660,甲仙(2),高雄市,甲仙區,23.083884,120.58767,355,2025/7/29 00:00,0,0,0,0,104,212,212,313,336
01P500,阿蓮(2),高雄市,阿蓮區,22.876332,120.327203,21,2025/7/29 00:00,4,0,22,24,55,95,95,101,133
01P390,金山,高雄市,燕巢區,22.811862,120.398164,90,2025/7/29 00:00,4,0,4,6,51,85,85,90,112
01P280,古亭坑,高雄市,田寮區,22.892785,120.404543,80,2025/7/29 00:00,1,0,3,3,46,91,91,107,129
01P190,木柵,高雄市,內門區,22.975659,120.467014,78,2025/7/29 00:00,0,0,1,1,80,132,132,152,187
01O760,關山,臺南市,南化區,23.173338,120.595163,240,2025/7/29 00:00,0,0,0,0,78,247,247,304,316
01O750,王爺宮,臺南市,六甲區,23.222178,120.400432,130,2025/7/29 00:00,0,0,0,0,36,214,214,244,289
01O710,虎頭埤,臺南市,新化區,23.025684,120.337183,34,2025/7/29 00:00,5,0,9,9,42,83,83,93,137
01O200,北寮,臺南市,東山區,23.290374,120.496384,360,2025/7/29 00:00,0,0,0,0,118,397,397,436,468
01O190,東原,臺南市,東山區,23.265355,120.445893,80,2025/7/29 00:00,0,0,0,0,96,367,367,402,432
01O080,六溪,臺南市,白河區,23.309037,120.459288,86,2025/7/29 00:00,0,0,0,0,95,358,358,385,430
01O070,關子嶺(2),臺南市,白河區,23.330882,120.506972,350,2025/7/29 00:00,0,0,0,0,119,365,365,392,436
01N860,崎頂,臺南市,龍崎區,22.964938,120.359823,100,2025/7/29 00:00,1,0,5,5,40,82,82,96,140
01N850,南化(2),臺南市,南化區,23.044518,120.479345,114,2025/7/29 00:00,0,0,0,0,95,177,177,250,266
01M010,溪口(3),嘉義縣,溪口鄉,23.587551,120.40001,17,2025/7/29 00:00,0,0,0,0,43,230,230,244,285
01L910,中坑(3),嘉義縣,大林鎮,23.570458,120.520964,95,2025/7/29 00:00,0,0,0,0,15,75,75,91,198
01L490,沙坑,嘉義縣,竹崎鄉,23.530321,120.520569,78,2025/7/29 00:00,0,0,0,0,37,119,119,137,232
01L480,樟腦寮(2),嘉義縣,竹崎鄉,23.533049,120.602587,545,2025/7/29 00:00,0,0,0,0,24,49,49,61,154
01L390,大湖山,嘉義縣,番路鄉,23.475173,120.620189,725,2025/7/29 00:00,0,0,0,1,37,62,62,71,178
01L360,小公田(2),嘉義縣,番路鄉,23.424513,120.641716,680,2025/7/29 00:00,0,0,0,0,35,63,63,70,150
01K060,褒忠(2),雲林縣,褒忠鄉,23.701086,120.311047,13,2025/7/29 00:00,0,0,0,0,5,85,85,113,160
01J970,草嶺(2),雲林縣,古坑鄉,23.584167,120.695634,724,2025/7/29 00:00,0,0,0,0,6,29,29,42,101
01J960,大埔,雲林縣,古坑鄉,23.630394,120.615417,205,2025/7/29 00:00,0,0,0,1,2,20,20,29,169
01J930,林內(1),雲林縣,林內鄉,23.755254,120.612491,82,2025/7/29 00:00,0,0,0,0,1,39,39,58,99
01J100,西螺(2),雲林縣,西螺鎮,23.800493,120.464851,30,2025/7/29 00:00,0,0,0,0,47,101,101,108,134
01H780,內茅埔(2),南投縣,信義鄉,23.6906,120.851828,485,2025/7/29 00:00,0,0,0,0,25,36,36,41,76
01H720,清流(1),南投縣,仁愛鄉,24.066314,120.953395,415,2025/7/29 00:00,0,0,0,1,8,70,70,81,148
01H680,北山(2),南投縣,國姓鄉,23.985549,120.892835,339,2025/7/29 00:00,0,0,0,0,0,61,61,74,155
01H630,草屯(4),南投縣,草屯鎮,23.972525,120.678996,99,2025/7/29 00:00,0,0,0,0,1,34,34,41,93
01H590,六分寮,南投縣,南投市,23.926186,120.63801,427,2025/7/29 00:00,0,0,0,0,4,35,35,48,95
01H470,西巒,南投縣,信義鄉,23.710574,120.917657,1666,2025/7/29 00:00,0,0,0,0,14,27,27,48,84
01H400,東埔,南投縣,信義鄉,23.561831,120.928349,1135,2025/7/29 00:00,0,0,0,0,0,15,15,15,29
01H390,望鄉,南投縣,信義鄉,23.619266,120.927817,2200,2025/7/29 00:00,0,0,0,0,1,16,16,19,39
01H310,翠峰,南投縣,仁愛鄉,24.106999,121.199288,2303,2025/7/29 00:00,0,0,1,37,61,85,85,98,130
01H210,翠巒,南投縣,仁愛鄉,24.182576,121.203514,1590,2025/7/29 00:00,0,0,1,38,43,70,70,80,97
01H110,桶頭(2),南投縣,竹山鎮,23.644646,120.657625,231,2025/7/29 00:00,0,0,0,0,1,15,15,26,124
01G240,萬興(2),彰化縣,二林鎮,23.955381,120.416991,11,2025/7/29 00:00,0,0,0,0,13,35,35,54,60
01G090,頭汴,彰化縣,鹿港鎮,24.085275,120.484036,7,2025/7/29 00:00,0,0,0,0,7,24,24,78,80
01F680,頭汴坑,臺中市,太平區,24.115092,120.811125,477,2025/7/29 00:00,0,0,0,4,7,65,65,86,132
01F350,雪嶺,臺中市,和平區,24.279567,121.02549,2575,2025/7/29 00:00,0,0,0,5,42,78,78,95,128
01E390,大潭,苗栗縣,造橋鄉,24.635269,120.820796,30,2025/7/29 00:00,0,0,1,32,32,33,33,170,172
01E400,三灣,苗栗縣,三灣鄉,24.655722,120.955306,99.5,2025/7/29 00:00,0,0,0,2,125,133,133,184,187
01E370,和興,苗栗縣,獅潭鄉,24.528034,120.913109,203,2025/7/29 00:00,0,0,0,1,6,15,15,66,92
01E330,大坪頂,苗栗縣,通霄鎮,24.425484,120.727759,190,2025/7/29 00:00,0,0,1,9,10,41,41,142,143
01E310,南勢山,苗栗縣,後龍鎮,24.588003,120.735306,95,2025/7/29 00:00,0,0,1,14,15,23,23,109,109
01E290,三義(2),苗栗縣,三義鄉,24.414244,120.77003,269,2025/7/29 00:00,0,0,0,5,5,37,37,132,140
01E270,大湖(1),苗栗縣,大湖鄉,24.42364,120.869835,275,2025/7/29 00:00,0,0,0,1,1,29,29,67,102
01E240,珊珠湖,苗栗縣,頭份市,24.687014,120.960275,45,2025/7/29 00:00,0,0,0,17,102,113,113,167,170
01E230,卓蘭(2),臺中市,東勢區,24.30505,120.813208,335,2025/7/29 00:00,0,0,0,1,2,45,45,72,119
01E170,南庄(1),苗栗縣,南庄鄉,24.597043,121.00036,229,2025/7/29 00:00,0,0,0,4,99,107,107,139,159
01E120,大埔,苗栗縣,竹南鎮,24.709464,120.898219,42,2025/7/29 00:00,0,0,0,9,9,15,15,100,101
01E080,松安,苗栗縣,泰安鄉,24.397796,120.986018,1308,2025/7/29 00:00,0,0,0,3,12,28,28,38,102
01E060,象鼻(1),苗栗縣,泰安鄉,24.36042,120.948417,658,2025/7/29 00:00,0,0,0,2,5,29,29,37,98
01E030,橫龍山,苗栗縣,泰安鄉,24.469909,120.968785,550,2025/7/29 00:00,0,0,0,1,13,19,19,29,81
01D310,新埔(1),新竹縣,新埔鎮,24.829422,121.071412,55,2025/7/29 00:00,0,0,0,20,20,23,23,52,53
01D300,關西(3),新竹縣,關西鎮,24.780225,121.180437,146,2025/7/29 00:00,0,0,1,8,10,12,12,30,37
01D180,梅花,新竹縣,尖石鄉,24.677573,121.208601,560,2025/7/29 00:00,0,0,1,7,45,45,45,54,65
01D110,清泉,新竹縣,五峰鄉,24.573125,121.10352,560,2025/7/29 00:00,0,0,0,20,63,65,65,75,83
O1S120,鹿鳴橋,臺東縣,鹿野鄉,22.898621,121.086481,195,2025/7/29 00:00,0,0,0,0,2,14,14,14,14
00Q070,屏東(5),屏東縣,屏東市,22.654873,120.466375,25,2025/7/29 00:00,1,0,3,4,75,178,178,222,247
O1P470,旗山(4),高雄市,旗山區,22.879521,120.481673,64,2025/7/29 00:00,0,0,0,0,59,125,125,141,156
O1J810,北港(2),雲林縣,北港鎮,23.577934,120.301903,9,2025/7/29 00:00,0,0,0,0,49,304,304,305,345
00H810,惠蓀(2),南投縣,仁愛鄉,24.090736,121.032224,684,2025/7/29 00:00,0,0,0,1,14,45,45,54,114
00H710,集集(2),南投縣,集集鎮,23.826281,120.774892,215,2025/7/29 00:00,0,0,0,0,0,30,30,44,154
O1H540,龍神橋,南投縣,水里鄉,23.779975,120.871686,322,2025/7/29 00:00,0,0,0,0,5,16,16,53,122
O1F390,雙崎(2),臺中市,和平區,24.292326,120.910107,543,2025/7/29 00:00,0,0,0,1,1,27,27,33,98
NUP810,員山子,新北市,瑞芳區,25.108056,121.814722,0,2025/7/29 00:00,0,0,1,1,1,1,1,1,2
01C570,龍壽社區,桃園市,龜山區,25.010105,121.387637,64,2025/7/29 00:00,0,0,2,8,11,11,11,14,15
NUP490,復興國小,基隆市,七堵區,25.109012,121.657791,55,2025/7/29 00:00,3,0,12,12,26,27,27,30,32
NUP460,平溪旅遊,新北市,平溪區,25.048418,121.773797,101,2025/7/29 00:00,0,0,1,1,1,1,1,4,5
21C050,石門,桃園市,龍潭區,24.809322,121.248473,255,2025/7/29 00:00,0,0,1.5,12.5,12.5,18.5,18.5,30.5,41
C0D660,新竹市東區,新竹市,東區,24.798681,120.986942,65,2025/7/29 00:00,0,0,0,12.5,12.5,21,21,58,59
C0Z100,東華,花蓮縣,壽豐鄉,23.89525,121.549833,36,2025/7/29 00:00,0,0,0,6,20.5,23,23,23,24
C0AH10,永和,新北市,永和區,25.01125,121.508111,30,2025/7/29 00:00,0,0,2,2,5,5,5,7,8
C0D650,湖口,新竹縣,湖口鄉,24.904794,121.043628,97,2025/7/29 00:00,0,0,0,26,26,32,32,54.5,56
C0C660,楊梅,桃園市,楊梅區,24.912375,121.143047,176,2025/7/29 00:00,0,0,1,11,11,11.5,11.5,22,22.5
C0V800,六龜,高雄市,六龜區,22.997889,120.633583,256,2025/7/29 00:00,0,0,0,0,64.5,196.5,196.5,279.5,301
C0V790,萬山,高雄市,茂林區,22.905944,120.688056,410,2025/7/29 00:00,0,0,0,0,52,138.5,138.5,212,229.5
C0R600,舊泰武,屏東縣,泰武鄉,22.588194,120.664944,766,2025/7/29 00:00,14,2,22.5,22.5,91,210,210,271,311
C1V780,多納林道,高雄市,茂林區,22.888028,120.737917,1050,2025/7/29 00:00,0,0,0,0,60,148.5,148.5,237.5,267
C0V450,鳳森,高雄市,小港區,22.545064,120.392592,51,2025/7/29 00:00,6.5,1,41.5,47.5,54,91,91,167.5,-99
C0R160,鹽埔,屏東縣,鹽埔鄉,22.739558,120.530778,45,2025/7/29 00:00,0.5,0,1,2,59.5,129,129,167.5,207.5
C0R240,來義,屏東縣,萬巒鄉,22.527306,120.625111,87,2025/7/29 00:00,0,0,1.5,2,29,151.5,151.5,153.5,166.5
C0R260,春日,屏東縣,春日鄉,22.370361,120.628306,76,2025/7/29 00:00,0,0,1.5,2,7.5,28,28,30.5,62.5
C0V360,內門,高雄市,內門區,22.975481,120.466769,94,2025/7/29 00:00,0,0,0,0,81,135,135,154,188
C0V400,阿公店,高雄市,燕巢區,22.804194,120.355528,56,2025/7/29 00:00,14.5,2,15.5,16.5,45,65.5,65.5,67.5,87
C0V350,溪埔,高雄市,大樹區,22.738578,120.446797,36,2025/7/29 00:00,1,0,1,5.5,62.5,112,112,116,126.5
C0R140,瑪家,屏東縣,瑪家鄉,22.682903,120.686639,740,2025/7/29 00:00,1.5,0.5,1.5,1.5,60,188,188,281.5,344
C0R130,阿禮,屏東縣,霧臺鄉,22.742908,120.743678,1040,2025/7/29 00:00,0,0,0,0.5,38.5,155,155,253.5,262.5
C0O860,大內,臺南市,大內區,23.118847,120.360833,38,2025/7/29 00:00,0,0,1,1,48,102,102,138,168.5
C0O840,王爺宮,臺南市,六甲區,23.222064,120.40085,134,2025/7/29 00:00,0,0,0,0,36.5,219,219,250.5,296
C0V210,復興,高雄市,桃源區,23.222403,120.806089,734,2025/7/29 00:00,0,0,0,0,25,82.5,82.5,127,134
C2V260,月眉,高雄市,杉林區,22.971003,120.539853,126,2025/7/29 00:00,0,0,0,0,100.5,179.5,179.5,231,274.5
C0O830,北寮,臺南市,南化區,23.079561,120.495008,127,2025/7/29 00:00,0,0,0,0,145,236,236,298,319
C0O980,新市,臺南市,新市區,23.061614,120.298197,18,2025/7/29 00:00,2.5,0,14,14,57,99.5,99.5,107.5,158
C2O950,安南,臺南市,安南區,23.076694,120.144861,4,2025/7/29 00:00,10.5,0.5,13,13,36,78.5,78.5,78.5,140
C0V530,阿蓮,高雄市,阿蓮區,22.883208,120.327508,34,2025/7/29 00:00,7,4.5,24,26,60,100,100,105.5,136
C0O960,崎頂,臺南市,龍崎區,22.959547,120.369317,112,2025/7/29 00:00,0.5,0.5,3,3,40,78.5,78.5,119,165.5
C0O990,媽廟,臺南市,歸仁區,22.99175,120.293525,18,2025/7/29 00:00,14.5,0,17.5,17.5,55.5,91.5,91.5,93,154
C0O970,虎頭埤,臺南市,新化區,23.021375,120.347878,71,2025/7/29 00:00,1,0,3.5,3.5,39.5,86,86,95.5,144.5
C0V440,鳳山,高雄市,鳳山區,22.646653,120.356122,27,2025/7/29 00:00,0,0,6,15,41,93.5,93.5,97.5,105
C0R190,赤山,屏東縣,萬巒鄉,22.592333,120.614306,32,2025/7/29 00:00,13.5,0,23,23.5,80,176.5,176.5,205,269.5
C0R540,佳冬,屏東縣,佳冬鄉,22.419456,120.552375,17,2025/7/29 00:00,8,0.5,35.5,35.5,43,92.5,92.5,93,110.5
C0R550,新埤,屏東縣,新埤鄉,22.467947,120.582894,38,2025/7/29 00:00,7.5,0,26,26.5,43.5,89,89,91,109.5
C0R520,崁頂,屏東縣,崁頂鄉,22.514781,120.506914,18,2025/7/29 00:00,10,1,58,58.5,79,155,155,155,181
C0R560,新園,屏東縣,新園鄉,22.5434,120.461558,22,2025/7/29 00:00,4,0.5,29.5,33.5,48,89,89,90,135
C0R480,長治,屏東縣,長治鄉,22.693128,120.542622,57,2025/7/29 00:00,0.5,0.5,8,8.5,93.5,162.5,162.5,237.5,271.5
C0R470,高樹,屏東縣,高樹鄉,22.826389,120.600806,103,2025/7/29 00:00,0,0,0,1.5,70,181,181,195,243
C0R490,九如,屏東縣,九如鄉,22.7405,120.490503,49,2025/7/29 00:00,0.5,0,0.5,6,60,121.5,121.5,141.5,178
C0V720,林園,高雄市,林園區,22.507747,120.394511,15,2025/7/29 00:00,5.5,0.5,27.5,31,35,67.5,67.5,67.5,80.5
C0V710,苓雅,高雄市,苓雅區,22.622742,120.330669,34,2025/7/29 00:00,5.5,1.5,41,71.5,83,133.5,133.5,134.5,144
C0V700,三民,高雄市,三民區,22.645017,120.311233,24,2025/7/29 00:00,14.5,2,51,88.5,99,120.5,120.5,120.5,130.5
C0V690,鼓山,高雄市,鼓山區,22.623325,120.275575,30,2025/7/29 00:00,11,2.5,52,83.5,88.5,116,116,116,129.5
C0V680,仁武,高雄市,仁武區,22.701083,120.347722,40,2025/7/29 00:00,3.5,0,10.5,14,23.5,32,32,32,38
C0V610,梓官,高雄市,梓官區,22.760558,120.267211,22,2025/7/29 00:00,49,6.5,73.5,85.5,99.5,115.5,115.5,116,134
C0V650,彌陀,高雄市,彌陀區,22.783806,120.246361,28,2025/7/29 00:00,40.5,5.5,62.5,75.5,91,104.5,104.5,104.5,126.5
C0V660,岡山,高雄市,岡山區,22.797078,120.294958,25,2025/7/29 00:00,31.5,8,36,36.5,54.5,67.5,67.5,67.5,101
C0V620,永安,高雄市,永安區,22.82315,120.236856,18,2025/7/29 00:00,51.5,9,64.5,67.5,82,92,92,97,117
C0V640,湖內,高雄市,湖內區,22.887139,120.2445,35,2025/7/29 00:00,45.5,9,50,50.5,65,79.5,79.5,80,119
C0V630,茄萣,高雄市,茄萣區,22.906642,120.182608,19,2025/7/29 00:00,26.5,1.5,33.5,35.5,44.5,65.5,65.5,65.5,133.5
C0X190,安平,臺南市,安平區,22.993161,120.152181,10,2025/7/29 00:00,17,0.5,17.5,18,30,42,42,42,101.5
C0X100,臺南市北區,臺南市,北區,23.010394,120.194228,10,2025/7/29 00:00,28.5,6.5,31,31,47,88.5,88.5,88.5,139
C0X110,臺南市南區,臺南市,南區,22.961189,120.188378,20,2025/7/29 00:00,27.5,2.5,32.5,33,40,52,52,52.5,100
C0X170,關廟,臺南市,關廟區,22.963017,120.327797,50,2025/7/29 00:00,5.5,0.5,9.5,9.5,47,83.5,83.5,93,126.5
C0X160,仁德,臺南市,仁德區,22.968258,120.257689,26,2025/7/29 00:00,31.5,8.5,46,46,71.5,100,100,101.5,151.5
C0X180,山上,臺南市,山上區,23.0757,120.363253,62,2025/7/29 00:00,0,0,0,0,50,118.5,118.5,131,166.5
C0X150,安定,臺南市,安定區,23.102614,120.227839,18,2025/7/29 00:00,7,0.5,10.5,10.5,78,129,129,129,183.5
C0X140,西港,臺南市,西港區,23.125608,120.203108,17,2025/7/29 00:00,12,4,17.5,17.5,72.5,120.5,120.5,121.5,179
C0X130,官田,臺南市,官田區,23.193217,120.315422,27,2025/7/29 00:00,0,0,0,0,45,122.5,122.5,126,173.5
C0X120,麻豆,臺南市,麻豆區,23.183289,120.248611,28,2025/7/29 00:00,1.5,1.5,3,3,63,121.5,121.5,123,164.5
C0R580,南州,屏東縣,南州鄉,22.485911,120.502736,10,2025/7/29 00:00,11.5,1,51.5,52.5,71,112,112,112,114.5
C0R570,麟洛,屏東縣,麟洛鄉,22.650775,120.527192,37,2025/7/29 00:00,0.5,0,3,9.5,55,144.5,144.5,175.5,206
C0V730,大寮,高雄市,大寮區,22.605614,120.395717,33,2025/7/29 00:00,2,0.5,54,57,75.5,171.5,171.5,180,186.5
C0V770,大社,高雄市,大社區,22.730306,120.346639,26,2025/7/29 00:00,0,0,0,2,38,56,56,57,65
C0V760,橋頭,高雄市,橋頭區,22.757806,120.30575,30,2025/7/29 00:00,31.5,5.5,43,46.5,72.5,96,96,96,113
C0V750,路竹,高雄市,路竹區,22.854997,120.259439,50,2025/7/29 00:00,44,8.5,52.5,53,77,90.5,90.5,91.5,130.5
C0V740,旗山,高雄市,旗山區,22.888614,120.483597,60,2025/7/29 00:00,0,0,0,0,61.5,122.5,122.5,143,163.5
C0X200,左鎮,臺南市,左鎮區,23.056758,120.408522,61,2025/7/29 00:00,0,0,0,0,82,142,142,165,182.5
C1V570,吉東,高雄市,美濃區,22.854222,120.5454,82,2025/7/29 00:00,0,0,0,0,87,191.5,191.5,224.5,261.5
C1V580,溪南(特),高雄市,桃源區,23.084972,120.788475,1656,2025/7/29 00:00,0,0,0,0.5,71,177,177,217.5,240.5
C1V590,新發,高雄市,六龜區,23.057019,120.646064,741,2025/7/29 00:00,0,0,0,0,62.5,200.5,200.5,260.5,299.5
88H890,南豐,南投縣,仁愛鄉,24.017338,121.088627,791,2025/7/29 00:00,0,0,0,14,14,60.5,60.5,64,100.5
C0R440,大漢山,屏東縣,春日鄉,22.405264,120.753181,1679,2025/7/29 00:00,8.5,1.5,30.5,31,42,96.5,96.5,143,197.5
C1S850,豐南,花蓮縣,富里鄉,23.122139,121.262389,489,2025/7/29 00:00,0,0,0,0,0.5,11.5,11.5,11.5,11.5
C0Z080,富源,花蓮縣,光復鄉,23.587642,121.378225,298,2025/7/29 00:00,0,0,0,3,45.5,49.5,49.5,50,51
C1S870,南美山,臺東縣,成功鎮,23.15025,121.382333,222,2025/7/29 00:00,0,0,0,0,0,8.5,8.5,8.5,8.5
C1S860,利嘉,臺東縣,卑南鄉,22.809417,121.050528,516,2025/7/29 00:00,0,0,0,0,2.5,17,17,17,17
C0F9V0,新社,臺中市,新社區,24.200172,120.815806,525,2025/7/29 00:00,0,0,0,2,3,48,48,58.5,88.5
C0F9R0,龍井,臺中市,龍井區,24.184536,120.528972,20,2025/7/29 00:00,0,0,0,0,28,69.5,69.5,122.5,123.5
C0F9Q0,外埔,臺中市,外埔區,24.347817,120.705686,149,2025/7/29 00:00,0,0,1,5,22.5,65,65,127.5,130
C0F9P0,清水,臺中市,清水區,24.312297,120.562242,26,2025/7/29 00:00,0,0,0,1.5,108,209,209,290.5,291.5
C0F9O0,潭子,臺中市,潭子區,24.213106,120.703933,175,2025/7/29 00:00,0,0,0.5,6.5,30,81,81,103,129
C0F9M0,豐原,臺中市,豐原區,24.254322,120.720692,230,2025/7/29 00:00,0,0,1.5,7,36,73,73,111,129
C0F9L0,后里,臺中市,后里區,24.310436,120.729725,253,2025/7/29 00:00,0,0,1,10,29,66.5,66.5,113,122.5
C0F9K0,大安,臺中市,大安區,24.345061,120.588025,30,2025/7/29 00:00,0,0,0,28.5,161,266.5,266.5,388.5,389
C0F9U0,南屯,臺中市,南屯區,24.137006,120.637969,74,2025/7/29 00:00,0,0,0,3.5,12,51,51,100,121
C0F9T0,西屯,臺中市,西屯區,24.179494,120.641275,111,2025/7/29 00:00,0,0,0,4.5,27.5,78.5,78.5,102,117.5
C0F9S0,烏日,臺中市,烏日區,24.107058,120.624103,43,2025/7/29 00:00,0,0,0,0.5,11,49.5,49.5,89.5,110.5
C0F9N0,大里,臺中市,大里區,24.092464,120.701378,75,2025/7/29 00:00,0,0,0,3,5.5,40.5,40.5,53,67.5
C0G890,伸港,彰化縣,伸港鄉,24.148933,120.484403,24,2025/7/29 00:00,0,0,0,0,27,56.5,56.5,152,153
C2G870,芳苑,彰化縣,芳苑鄉,23.922303,120.320025,12,2025/7/29 00:00,0,0,0,0,1.5,18,18,53.5,64
C0G880,二水,彰化縣,二水鄉,23.810742,120.6173,92,2025/7/29 00:00,0,0,0,0,1.5,33,33,47.5,99.5
C0G860,社頭,彰化縣,社頭鄉,23.897647,120.5862,45,2025/7/29 00:00,0,0,0,0,3,46,46,51.5,92
C2G840,北斗,彰化縣,北斗鎮,23.877586,120.514222,32,2025/7/29 00:00,0,0,0,0,28,90,90,100.5,122
C0G830,埤頭,彰化縣,埤頭鄉,23.866003,120.452806,27,2025/7/29 00:00,0,0,0,0,14.5,61.5,61.5,69.5,78.5
C0G820,田尾,彰化縣,田尾鄉,23.901669,120.509389,29,2025/7/29 00:00,0,0,0,0,31,76,76,88,100
C0G810,埔心,彰化縣,埔心鄉,23.947633,120.525456,26,2025/7/29 00:00,0,0,0,0,19,62,62,78,90.5
C0G800,埔鹽,彰化縣,埔鹽鄉,24.000394,120.431683,15,2025/7/29 00:00,0,0,0,0,3.5,21.5,21.5,57,59.5
C0G780,秀水,彰化縣,秀水鄉,24.03405,120.503869,27,2025/7/29 00:00,0,0,0,0,5.5,24,24,41,43
C0G770,福興,彰化縣,福興鄉,24.041289,120.437669,15,2025/7/29 00:00,0,0,0,0,2,20,20,64,65
C0E810,西湖,苗栗縣,西湖鄉,24.562947,120.7485,53,2025/7/29 00:00,0,0,0,11.5,11.5,17,17,103.5,104
C0E780,銅鑼,苗栗縣,銅鑼鄉,24.489681,120.790853,160,2025/7/29 00:00,0,0,0,4,4,18.5,18.5,105,105
C0E750,苗栗,苗栗縣,苗栗市,24.564569,120.824575,62,2025/7/29 00:00,0,0,4.5,12.5,12.5,22.5,22.5,117.5,118
C0E740,造橋,苗栗縣,造橋鄉,24.637056,120.864778,27,2025/7/29 00:00,0,0,0,19,19,24,24,114.5,115
C0E830,苑裡,苗栗縣,苑裡鎮,24.439714,120.653053,37,2025/7/29 00:00,0,0,3,21,37.5,80,80,222.5,223
C1E770,公館,苗栗縣,公館鄉,24.526914,120.830806,83,2025/7/29 00:00,0,0,6.5,10.5,10.5,20,20,107.5,108.5
C0E791,卓蘭,苗栗縣,卓蘭鎮,24.312558,120.824361,344,2025/7/29 00:00,0,0,0.5,1,2.5,53,53,87.5,134
C1D640,外坪五指,新竹縣,北埔鄉,24.644447,121.090961,718,2025/7/29 00:00,0,0,0,10.5,68.5,70.5,70.5,88,104
C1D630,飛鳳山,新竹縣,芎林鄉,24.766464,121.119178,462,2025/7/29 00:00,0,0,1,13,14,17.5,17.5,42,46
C0E820,獅潭,苗栗縣,獅潭鄉,24.539133,120.920042,220,2025/7/29 00:00,0,0,0,0.5,39,53.5,53.5,101,119.5
A1AG70,仙跡岩,臺北市,文山區,24.989295,121.543203,81,2025/7/29 00:00,0,0,5,6.5,8,8,8,11,13
A1AG50,劍潭山,臺北市,中山區,25.083096,121.52841,143,2025/7/29 00:00,0,0,14.5,17.5,17.5,18,18,21,23
A1AG30,稻香里,臺北市,北投區,25.147998,121.483915,160,2025/7/29 00:00,0,0,11,13.5,14,14,14,20,23
A1AG20,大湖里,臺北市,內湖區,25.096391,121.604109,181,2025/7/29 00:00,0.5,0,14,14,14,16,16,17.5,21.5
A1AG80,金面山,臺北市,內湖區,25.094893,121.56991,80,2025/7/29 00:00,0,0,34,37,37,37.5,37.5,39.5,42.5
A1AG60,福州山,臺北市,大安區,25.016894,121.554305,122,2025/7/29 00:00,0.5,0,7.5,7.5,7.5,7.5,7.5,10.5,11.5
A1AG40,四獸山,臺北市,信義區,25.029293,121.582905,315,2025/7/29 00:00,0.5,0.5,14,14.5,14.5,14.5,14.5,17,18
C1U840,東澳嶺,宜蘭縣,南澳鄉,24.5378,121.8485,750,2025/7/29 00:00,0,0,0,0.5,1.5,2,2,3,3.5
C1U850,觀音海岸,宜蘭縣,南澳鄉,24.383194,121.778556,665,2025/7/29 00:00,0,0,0,3,15.5,15.5,15.5,15.5,18.5
C0U780,五結,宜蘭縣,五結鄉,24.686369,121.797944,15,2025/7/29 00:00,0,0,0,0,1,1.5,1.5,2,2
C0V490,新興,高雄市,新興區,22.627422,120.298803,20,2025/7/29 00:00,14.5,3,57,90,99.5,138.5,138.5,138.5,150
C0AD50,鶯歌,新北市,鶯歌區,24.951533,121.346294,84,2025/7/29 00:00,0,0,2,8.5,9,10,10,13.5,16.5
C0AD40,土城,新北市,土城區,24.973208,121.445169,32,2025/7/29 00:00,0,0,2.5,5.5,5.5,6,6,6.5,9
C0AD30,蘆洲,新北市,蘆洲區,25.086594,121.472331,20,2025/7/29 00:00,0,0,6,6.5,7.5,7.5,7.5,12,13.5
C0AD10,八里,新北市,八里區,25.150211,121.403947,27,2025/7/29 00:00,0,0,4.5,5.5,7,7,7,15.5,18
C0E730,頭份,苗栗縣,頭份市,24.688247,120.912206,26,2025/7/29 00:00,0,0,0,4.5,5.5,20.5,20.5,96.5,97.5
C0D580,寶山,新竹縣,寶山鄉,24.735006,121.025192,120,2025/7/29 00:00,0,0,0,6,12.5,16,16,43.5,45
C0C680,龜山,桃園市,龜山區,25.028458,121.386561,228,2025/7/29 00:00,0,0,2.5,2.5,3.5,4,4,8,11
C0C630,大溪,桃園市,大溪區,24.882853,121.265547,209,2025/7/29 00:00,0,0,0,0.5,0.5,1.5,1.5,2.5,22
C0C650,平鎮,桃園市,平鎮區,24.897503,121.214636,208,2025/7/29 00:00,0,0,1.5,2,3,3.5,3.5,5.5,6.5
A1AD60,貓空,臺北市,文山區,24.968892,121.595301,317,2025/7/29 00:00,0,0,8,9.5,17,17.5,17.5,20.5,24
A1AC40,指南里,臺北市,文山區,24.981493,121.580302,103,2025/7/29 00:00,0,0,5.5,7,13,13.5,13.5,17,19.5
A1AC70,挹翠山莊,臺北市,信義區,25.017093,121.574405,118,2025/7/29 00:00,0.5,0.5,9.5,9.5,9.5,9.5,9.5,12,14
A1AD40,小油坑,臺北市,北投區,25.180294,121.548816,814,2025/7/29 00:00,1.5,0,16.5,27,27.5,28,28,35,45.5
A1AD20,竹子湖,臺北市,北投區,25.168295,121.528315,662,2025/7/29 00:00,0,0,15,26,26,26,26,26,33.5
A1AD50,劍南路,臺北市,中山區,25.089894,121.55131,121,2025/7/29 00:00,0.5,0,25,35,35,35,35,26.5,-99
A1AD80,貴子坑,臺北市,北投區,25.155898,121.489815,278,2025/7/29 00:00,0,0,12.5,20.5,21,21,21,26.5,30
A1AD10,擎天崗,臺北市,士林區,25.163293,121.568014,769,2025/7/29 00:00,1.5,0,27,28,28,28,28,33,43
A1AD00,菁山里,臺北市,士林區,25.143993,121.566013,489,2025/7/29 00:00,1,0,47,48,48.5,49,49,53.5,61
A1AC80,明德樂園,臺北市,士林區,25.113693,121.565711,111,2025/7/29 00:00,0.5,0,42.5,47.5,47.5,48.5,48.5,51,54.5
A1AC90,溪山里,臺北市,士林區,25.136892,121.588912,453,2025/7/29 00:00,1.5,0,30,30.5,30.5,31.5,31.5,34.5,42
A1AD30,安泰里,臺北市,內湖區,25.087591,121.613109,97,2025/7/29 00:00,0.5,0.5,15,15,15.5,16.5,16.5,19,21
A1AC60,九如里,臺北市,南港區,25.032491,121.611605,44,2025/7/29 00:00,0.5,0,15,16,16,16,16,18,19
A1AD70,茶製場,臺北市,南港區,25.028388,121.663304,375,2025/7/29 00:00,1.5,0,6,6.5,8,8,8,11.5,14
A1AC50,舊莊里,臺北市,南港區,25.03399,121.624705,47,2025/7/29 00:00,0.5,0.5,9,9,9,9,9,11,12.5
C0C620,蘆竹,桃園市,蘆竹區,25.084275,121.265767,19,2025/7/29 00:00,0,0,4.5,18.5,19,21.5,21.5,27.5,29.5
C0D560,竹東,新竹縣,竹東鎮,24.767147,121.057881,147,2025/7/29 00:00,0,0,0,4.5,4.5,11,11,28.5,30
C0D550,雪霸,新竹縣,五峰鄉,24.526972,121.11605,1956,2025/7/29 00:00,0,0,0.5,19,49,52,52,57.5,66.5
C0C670,龍潭,桃園市,龍潭區,24.870056,121.221389,250,2025/7/29 00:00,0,0,2.5,6.5,6.5,12.5,12.5,18.5,21
C0D540,橫山,新竹縣,橫山鄉,24.711158,121.116933,227,2025/7/29 00:00,0.5,0,0.5,18,68,69,69,82.5,90.5
C0C460,復興,桃園市,復興區,24.820208,121.352281,482,2025/7/29 00:00,0,0,0,2,4,8.5,8.5,17,28.5
C0C590,觀音,桃園市,觀音區,25.027072,121.153317,72,2025/7/29 00:00,0,0,0,0.5,0.5,1,1,12,15.5
C0D590,新豐,新竹縣,新豐鄉,24.870678,120.977211,143,2025/7/29 00:00,0,0,0,10,10,16.5,16.5,60,62
C0S760,紅石,臺東縣,海端鄉,23.069131,121.126219,1621,2025/7/29 00:00,0,0,0,0,0,11,11,11,11.5
C1U501,牛鬥,宜蘭縣,大同鄉,24.637836,121.573656,280,2025/7/29 00:00,0,0,0,8,19.5,19.5,19.5,20.5,27
L1A790,翡翠,新北市,新店區,24.907093,121.580097,202,2025/7/29 00:00,0.5,0,2.5,3,3,4,4,6,8
L1A810,九芎根,新北市,石碇區,24.902389,121.649896,378,2025/7/29 00:00,0,0,2,3.5,4,5.5,5.5,7,9.5
L1A830,坪林,新北市,坪林區,24.936785,121.713797,210,2025/7/29 00:00,0,0,0,0,2,3,3,6,8.5
L1A800,碧湖,新北市,坪林區,24.892584,121.745694,386,2025/7/29 00:00,0,0,0,0,6.5,6.5,6.5,16,19.5
L1A840,太平,新北市,雙溪區,24.971779,121.828198,403,2025/7/29 00:00,0,0,0,0,0.5,0.5,0.5,5,6
21D350,西丘斯山,新竹縣,尖石鄉,24.581505,121.358179,2000,2025/7/29 00:00,0,0,1,6.5,9,10,10,12.5,32
21D170,鎮西堡,新竹縣,尖石鄉,24.564908,121.308179,630,2025/7/29 00:00,0,0,0.5,16.5,26,26.5,26.5,31,41.5
21D160,白石,新竹縣,尖石鄉,24.548212,121.224879,1620,2025/7/29 00:00,0,0,1.5,12.5,38.5,39,39,43.5,49
21C090,嘎拉賀,桃園市,復興區,24.631502,121.408182,1260,2025/7/29 00:00,0,0,0,18.5,72.5,72.5,72.5,76.5,88.5
21U110,池端,宜蘭縣,大同鄉,24.631499,121.474881,1150,2025/7/29 00:00,0,0,1,17.5,51,51.5,51.5,52.5,62
21C070,巴陵,桃園市,復興區,24.681503,121.391485,1220,2025/7/29 00:00,0,0,0,46.5,100.5,101,101,104,107.5
21D150,玉峰,新竹縣,尖石鄉,24.664908,121.308185,780,2025/7/29 00:00,0,0,0,25,63,63.5,63.5,67.5,72.5
21C080,高義,桃園市,復興區,24.714905,121.358188,620,2025/7/29 00:00,0,0,0,26.5,70,70,70,73.5,76
21C140,霞雲,桃園市,復興區,24.798205,121.358193,350,2025/7/29 00:00,0,0,0,14,50.5,52,52,59,73.5
01A350,富貴角,新北市,石門區,25.288486,121.544109,0,2025/7/29 00:00,2,0,9,10,14,14,14,29,31
01AF90,三貂嶺,新北市,瑞芳區,25.059541,121.820556,118,2025/7/29 00:00,0,0,1,2,2,2,2,6,7
01AG00,社后橋,新北市,汐止區,25.063288,121.633793,13,2025/7/29 00:00,1,0,10,10,12,13,13,15,15
01AG10,熊空山,新北市,三峽區,24.87561,121.451992,778,2025/7/29 00:00,0,0,1,8,10,12,12,15,15
01A200,火燒寮,新北市,平溪區,24.981089,121.749275,380,2025/7/29 00:00,1,0,1,1,2,2,2,6,8
01A380,瑞芳(2),新北市,瑞芳區,25.110338,121.803301,101,2025/7/29 00:00,0,0,1,2,2,2,2,3,4
01A220,三峽,新北市,三峽區,24.938878,121.355555,33,2025/7/29 00:00,0,0,3,9,10,11,11,15,18
01A130,石碇(2),新北市,石碇區,24.991596,121.657883,250,2025/7/29 00:00,0,0,7,7,8,8,8,10,13
01A190,碧湖,新北市,坪林區,24.890886,121.745559,360,2025/7/29 00:00,0,0,0,0,6,6,6,14,19
01A420,竹子湖,臺北市,士林區,25.162299,121.54405,600,2025/7/29 00:00,0,0,10,15,15,15,15,18,25
01B030,五堵,基隆市,七堵區,25.079005,121.696626,16,2025/7/29 00:00,2,0,5,5,21,22,22,26,26
01A410,中正橋,臺北市,中正區,25.021931,121.516401,15,2025/7/29 00:00,0,0,3,3,7,7,7,10,11
01A450,坪林(4),新北市,坪林區,24.936401,121.710339,200,2025/7/29 00:00,0,0,0,0,2,3,3,7,9
01A440,大桶山,新北市,烏來區,24.876212,121.562992,916,2025/7/29 00:00,0,0,3,12,12,13,13,15,17
01A430,福山(3),新北市,烏來區,24.7798,121.497357,500,2025/7/29 00:00,0,0,0,4,8,9,9,15,17
01A210,大豹,新北市,三峽區,24.887277,121.421373,600,2025/7/29 00:00,0,0,1,7,8,11,11,13,25
01C400,石門後池,桃園市,龍潭區,24.824459,121.25144,142,2025/7/29 00:00,1,0,2,7,7,14,14,23,29
A1AB80,雙溪,臺北市,士林區,25.113593,121.569411,127,2025/7/29 00:00,0,0,41,43.5,44,44.5,44.5,46.5,50
C1I230,九份二山,南投縣,國姓鄉,23.962025,120.845272,837,2025/7/29 00:00,0,0,0,0.5,4,64.5,64.5,77,148
466940,基隆,基隆市,仁愛區,25.133314,121.740475,26.7,2025/7/29 00:00,4,0,6.5,8.5,9.5,9.5,9.5,11,14
466900,淡水,新北市,淡水區,25.164889,121.448906,19,2025/7/29 00:00,0.5,0,7.5,11.5,12,12,12,21.5,26
466930,陽明山,臺北市,北投區,25.162078,121.544547,607.1,2025/7/29 00:00,0,0,25,33.5,35,35,35,39,45
466910,鞍部,臺北市,北投區,25.182586,121.529731,837.6,2025/7/29 00:00,0,0,9.5,21.5,23.5,24,24,35,53.5
467571,新竹,新竹縣,竹北市,24.827853,121.014219,26.9,2025/7/29 00:00,0,0,0,11.5,11.5,20.5,20.5,61.5,62
467490,臺中,臺中市,北區,24.145736,120.684075,84,2025/7/29 00:00,0,0,0,5.5,16.5,72.5,72.5,102,123.5
467350,澎湖,澎湖縣,馬公市,23.565503,119.563094,10.7,2025/7/29 00:00,0,0,0,0,12,22,22,41.5,41.5
467650,日月潭,南投縣,魚池鄉,23.881325,120.90805,1017.5,2025/7/29 00:00,0,0,0,0,0,32.5,32.5,47,102
467530,阿里山,嘉義縣,阿里山鄉,23.508208,120.813242,2413.4,2025/7/29 00:00,0,0,0.5,0.5,11,33.5,33.5,48.5,78
467550,玉山,南投縣,信義鄉,23.48718,120.95943,3844.8,2025/7/29 00:00,0,0,0,0,0,28.5,28.5,31,43
467480,嘉義,嘉義市,西區,23.495925,120.432906,26.9,2025/7/29 00:00,0,0,0,0,74,286.5,286.5,294,357
467441,高雄,高雄市,楠梓區,22.730432,120.312516,11.8,2025/7/29 00:00,27.5,6.5,39,46.5,66,82,82,82.5,89
467590,恆春,屏東縣,恆春鎮,22.003897,120.746339,22.3,2025/7/29 00:00,7,1,35.5,36,36,36,36,36,40
467080,宜蘭,宜蘭縣,宜蘭市,24.763975,121.756528,7.2,2025/7/29 00:00,0,0,0,0.5,1,1.5,1.5,3.5,3.5
466990,花蓮,花蓮縣,花蓮市,23.975128,121.613275,16.1,2025/7/29 00:00,0,0,0.5,2.5,45,46.5,46.5,46.5,47
467660,臺東,臺東縣,臺東市,22.752211,121.154586,9,2025/7/29 00:00,0,0,0,0,0.5,7,7,7,7
467540,大武,臺東縣,大武鄉,22.35572,120.90374,8.1,2025/7/29 00:00,3.5,0.5,3.5,3.5,4,4,4,4,4
467620,蘭嶼,臺東縣,蘭嶼鄉,22.0369,121.55843,324,2025/7/29 00:00,0,0,0,0,0,0,0,0,0
466950,彭佳嶼,基隆市,中正區,25.627975,122.079744,101.7,2025/7/29 00:00,1,0,1,1,3.5,4,4,4.5,5
467300,東吉島,澎湖縣,望安鄉,23.25727,119.66762,43,2025/7/29 00:00,2.5,2.5,6.5,8,19.5,37.5,37.5,37.5,38
468100,東沙島,高雄市,旗津區,20.700856,116.73,4,2025/7/29 00:00,0,0,0,0,0,0,0,0,0
467420,永康,臺南市,永康區,23.038386,120.2367,8.1,2025/7/29 00:00,29.5,1,48,48,93,138.5,138.5,143.5,197
C2W030,金門(東),金門縣,金湖鎮,24.448431,118.451786,24,2025/7/29 00:00,0,0,0.5,0.5,1,1,1,3,4
CAC040,拉拉山,桃園市,復興區,24.699317,121.427133,1684,2025/7/29 00:00,0,0,2,28,141,141,141,146.5,152
A0F010,武陵,臺中市,和平區,24.352825,121.308286,1804,2025/7/29 00:00,0,0,2.5,8.5,13,25.5,25.5,33.5,34.5
466920,臺北,臺北市,中正區,25.037658,121.514853,6.3,2025/7/29 00:00,0,0,5,5,6,6,6,16.5,17.5
A0G720,彰師大,彰化縣,彰化市,24.081389,120.556667,37,2025/7/29 00:00,0,0,0,0,8.5,31,31,51,53
467110,金門,金門縣,金城鎮,24.407306,118.289281,47.9,2025/7/29 00:00,0,0,1,1,1.5,1.5,1.5,8.5,8.5
467990,馬祖,連江縣,南竿鄉,26.169467,119.923158,97.8,2025/7/29 00:00,2,0,8,8.5,8.5,8.5,8.5,46,98.5
A0K420,麥寮,雲林縣,麥寮鄉,23.798783,120.217717,22,2025/7/29 00:00,0,0,0,0,0,20.5,20.5,30,33.5
467050,新屋,桃園市,新屋區,25.006725,121.047492,20.6,2025/7/29 00:00,0,0,0,1,3.5,5.5,5.5,18.5,22.5
A2K570,古坑(花),雲林縣,古坑鄉,23.63353,120.55239,90,2025/7/29 00:00,0,0,0,0,3.5,36,36,56.5,143.5
467270,田中,彰化縣,田中鎮,23.873803,120.581286,48.6,2025/7/29 00:00,0,0,0,0,2,49,49,59,104
C1AC50,關渡,臺北市,北投區,25.133486,121.469331,111,2025/7/29 00:00,0,0,10.5,11.5,12,12,12,17.5,19
C0ACA0,新莊,新北市,新莊區,25.051478,121.446756,25,2025/7/29 00:00,0,0,2.5,4.5,12.5,12.5,12.5,15,16.5
C0AG80,中和,新北市,中和區,24.991622,121.491792,48,2025/7/29 00:00,0,0,2,2,7,7,7,8,10
C0A640,石碇,新北市,石碇區,24.993969,121.662917,241,2025/7/29 00:00,0.5,0,5.5,5.5,8,8.5,8.5,11,15
C0AC80,文山,臺北市,文山區,25.00235,121.575728,40,2025/7/29 00:00,0,0,6,6.5,6.5,6.5,6.5,9,11
C0A520,山佳,新北市,樹林區,24.974944,121.402008,48,2025/7/29 00:00,0,0,2.5,13.5,15.5,15.5,15.5,17,19
C0A570,桶後,新北市,烏來區,24.848222,121.597992,360,2025/7/29 00:00,0.5,0,2,16,16.5,16.5,16.5,18,20
C0AH50,林口,新北市,林口區,25.072181,121.380839,275,2025/7/29 00:00,0,0,2,2,3,3.5,3.5,11,16
C0C480,桃園,桃園市,桃園區,24.992425,121.323172,105,2025/7/29 00:00,0,0,9.5,15.5,16.5,17,17,23.5,24
C1C510,水尾,桃園市,楊梅區,24.940081,121.087161,106,2025/7/29 00:00,0,0,3,12.5,12.5,15.5,15.5,31,34
C0C490,八德,桃園市,八德區,24.928708,121.283289,157,2025/7/29 00:00,0,0,3.5,3.5,3.5,5,5,14.5,16.5
C1D400,鳥嘴山,新竹縣,尖石鄉,24.719092,121.283872,839,2025/7/29 00:00,0.5,0,0.5,6,68,69,69,81,100
C0D430,峨眉,新竹縣,峨眉鄉,24.6905,121.017189,87,2025/7/29 00:00,0,0,0,13.5,56,63,63,97,102.5
C0E850,大河,苗栗縣,三灣鄉,24.618069,120.948578,104,2025/7/29 00:00,0,0,0,8,132.5,139,139,194.5,199.5
C1D410,白蘭,新竹縣,五峰鄉,24.579364,121.079947,1290,2025/7/29 00:00,0.5,0,0.5,17.5,66.5,70.5,70.5,82.5,111
C1D420,太閣南,新竹縣,五峰鄉,24.632808,121.160575,1279,2025/7/29 00:00,0,0,0.5,13,46,46,46,58,74.5
C1E480,鳳美,苗栗縣,南庄鄉,24.554803,121.034747,576,2025/7/29 00:00,0,0,0,29.5,64,68,68,81,101
C2E520,大湖,苗栗縣,大湖鄉,24.414939,120.870872,320,2025/7/29 00:00,0,0,0,1,1,32,32,65.5,104.5
C2E540,龍溪,苗栗縣,後龍鎮,24.606489,120.783933,32,2025/7/29 00:00,0,0,0.5,28.5,39.5,47,47,172,172.5
C0E550,明德,苗栗縣,頭屋鄉,24.583486,120.885411,84,2025/7/29 00:00,0,0,0,4.5,6.5,10.5,10.5,66.5,68
C0E590,通霄,苗栗縣,通霄鎮,24.471892,120.704622,40,2025/7/29 00:00,0,0,0.5,17.5,26.5,45,45,163,163
C1E601,南勢,苗栗縣,後龍鎮,24.572486,120.734842,125,2025/7/29 00:00,0,0,0.5,13.5,14,19,19,107.5,107.5
C0D480,打鐵坑,新竹縣,新埔鎮,24.849664,121.150789,223,2025/7/29 00:00,0,0,1.5,38,38,45.5,45.5,62,64
C0E420,竹南,苗栗縣,竹南鎮,24.708978,120.888897,19,2025/7/29 00:00,0,0,0,13.5,13.5,27.5,27.5,115,115.5
C0D360,梅花,新竹縣,尖石鄉,24.678347,121.208558,523,2025/7/29 00:00,0,0,0,7,46.5,46.5,46.5,56,68
C0E610,馬都安,苗栗縣,泰安鄉,24.451272,120.930192,850,2025/7/29 00:00,0,0,0,1.5,3.5,15,15,42,105.5
C1F941,雪嶺,臺中市,和平區,24.280586,121.026642,2620,2025/7/29 00:00,0,0,0.5,4.5,40,75.5,75.5,91,123
C1E451,象鼻,苗栗縣,泰安鄉,24.368617,120.940228,950,2025/7/29 00:00,0,0,0.5,2,5.5,28.5,28.5,35.5,105.5
C1E461,松安,苗栗縣,泰安鄉,24.397972,120.986022,1325,2025/7/29 00:00,0,0,0,3,12,27.5,27.5,36.5,99.5
C2F930,大甲,臺中市,大甲區,24.347667,120.640403,100,2025/7/29 00:00,0,0,8.5,12.5,66,182.5,182.5,296,297
C0F850,東勢,臺中市,東勢區,24.246428,120.833047,379,2025/7/29 00:00,0,0,0,0,0,38.5,38.5,54,92
C0F0B0,石岡,臺中市,石岡區,24.276061,120.777644,311,2025/7/29 00:00,0,0,0.5,3.5,5.5,42,42,55.5,88.5
C1F911,新伯公,臺中市,東勢區,24.221361,120.841069,417,2025/7/29 00:00,0,0,0.5,0.5,1,30.5,30.5,43,80.5
C1F891,稍來,臺中市,和平區,24.265689,121.001142,2205,2025/7/29 00:00,0,0,0.5,7,50,86,86,103.5,145
C1F871,上谷關,臺中市,和平區,24.203483,121.018644,1000,2025/7/29 00:00,0,0,0,10.5,52,77,77,89,123
C1H9B1,阿眉,南投縣,仁愛鄉,24.1263,120.994672,1710,2025/7/29 00:00,0,0,0,0,10,48.5,48.5,89,-99
C0H9C0,合歡山頂,南投縣,仁愛鄉,24.143442,121.272547,3402,2025/7/29 00:00,0,0,0.5,45.5,53,80.5,80.5,95,123
C1O850,環湖,臺南市,大內區,23.148617,120.418633,44,2025/7/29 00:00,0,0,0,0,41.5,154,154,200,221.5
C1M400,菜瓜坪,嘉義縣,大埔鄉,23.25163,120.57636,369,2025/7/29 00:00,0,0,0,0,106,300,300,390,412
C1O880,關山,臺南市,南化區,23.173397,120.594092,223,2025/7/29 00:00,0,0,0,0,79.5,254.5,254.5,314.5,327.5
C1O921,楠西,臺南市,楠西區,23.183511,120.484083,115,2025/7/29 00:00,0,0,0,0,82.5,221,221,279.5,308.5
C1M390,龍美,嘉義縣,番路鄉,23.406728,120.654417,1090,2025/7/29 00:00,0,0,0,0,29,65,65,82,156
C2M410,馬頭山,嘉義縣,大埔鄉,23.324361,120.582017,245,2025/7/29 00:00,0,0,0,0,94,313.5,313.5,351.5,370
C0M850,表湖,嘉義縣,大埔鄉,23.241856,120.641658,695,2025/7/29 00:00,0,0,0,0,48,172,172,250,270.5
C0O900,善化,臺南市,善化區,23.112883,120.297219,9,2025/7/29 00:00,0,0,2,2,55,102,102,106.5,160
C2O810,曾文,臺南市,楠西區,23.219681,120.497328,161,2025/7/29 00:00,0,0,0,0,79,269,269,316,344
C2O930,玉井,臺南市,玉井區,23.126042,120.46055,69,2025/7/29 00:00,0,0,0,0,86,188.5,188.5,221,249
C1R120,上德文,屏東縣,三地門鄉,22.763272,120.704442,820,2025/7/29 00:00,0,0,0,0.5,46,182,182,252,274.5
C1V390,尖山,高雄市,燕巢區,22.813153,120.367789,60,2025/7/29 00:00,0,0,0.5,2,32,54.5,54.5,57,74
C0R590,里港,屏東縣,里港鄉,22.779194,120.494589,72,2025/7/29 00:00,0.5,0,1,3.5,64.5,113,113,127.5,144
C1V340,大津,高雄市,六龜區,22.888322,120.645986,190,2025/7/29 00:00,0,0,0,1.5,57,103,103,176.5,196
C1R110,口社,屏東縣,三地門鄉,22.770111,120.645222,110,2025/7/29 00:00,0,0,0,0.5,50.5,149,149,188,219
C1N001,沙崙,臺南市,歸仁區,22.935472,120.309406,24,2025/7/29 00:00,9.5,1.5,21,21,48,90.5,90.5,91,118
C1V231,高中,高雄市,桃源區,23.134911,120.716711,731,2025/7/29 00:00,0,0,0,0,59,170.5,170.5,209.5,219
C1V220,小關山,高雄市,桃源區,23.154217,120.813603,1781,2025/7/29 00:00,0,0,0.5,1,48,149,149,193,211.5
C1V200,梅山,高雄市,桃源區,23.268447,120.823556,870,2025/7/29 00:00,0,0,0,0,25,79.5,79.5,108.5,122.5
C1V190,南天池,高雄市,桃源區,23.274033,120.911764,2700,2025/7/29 00:00,0,0,0,1.5,12,49,49,67,81
C1V170,排雲,高雄市,桃源區,23.463619,120.954147,3690,2025/7/29 00:00,0,0,0,0.5,3.5,38,38,43,58.5
C1I440,新高口,南投縣,信義鄉,23.478744,120.878939,2540,2025/7/29 00:00,0,0,0,0,2,23.5,23.5,29.5,49
C1V160,達卡努瓦,高雄市,那瑪夏區,23.279811,120.705319,1040,2025/7/29 00:00,0,0,0,2,25.5,143.5,143.5,217,238.5
C0V370,古亭坑,高雄市,田寮區,22.893178,120.401947,74,2025/7/29 00:00,0.5,0.5,3,3,42.5,87.5,87.5,103.5,124.5
C0R100,尾寮山,屏東縣,三地門鄉,22.833111,120.683889,1006,2025/7/29 00:00,0,0,0,0,55,192.5,192.5,235,266
C0R150,三地門,屏東縣,內埔鄉,22.709889,120.639944,105,2025/7/29 00:00,0,0,0,0,84.5,149.5,149.5,200.5,227
C2V250,甲仙,高雄市,甲仙區,23.080106,120.591758,298,2025/7/29 00:00,0,0,0,0,93,194,194,301,327
C0R220,潮州,屏東縣,潮州鎮,22.534361,120.54,23,2025/7/29 00:00,25,0.5,71.5,73,94.5,173,173,174,179.5
C1H900,清流,南投縣,仁愛鄉,24.080775,120.962997,934,2025/7/29 00:00,0,0,0,0,2.5,57,57,68.5,132.5
C1H920,長豐,南投縣,國姓鄉,24.102039,120.879897,736,2025/7/29 00:00,0,0,0,1,1.5,51.5,51.5,60.5,110.5
C1H941,雙冬,南投縣,草屯鎮,23.967378,120.802189,630,2025/7/29 00:00,0,0,0,0.5,0.5,47,47,52.5,116
C2H950,中寮,南投縣,中寮鄉,23.884447,120.766406,192,2025/7/29 00:00,0,0,0,0,0,37,37,46.5,112
C0F970,大坑,臺中市,北屯區,24.173142,120.722289,145,2025/7/29 00:00,0,0,0.5,6,12,50,50,70.5,101.5
C0G620,芬園,彰化縣,芬園鄉,24.015678,120.6213,110,2025/7/29 00:00,0,0,0,0,4.5,35.5,35.5,46.5,75
C1H971,六分寮,南投縣,南投市,23.925069,120.637797,428,2025/7/29 00:00,0,0,0,0,3.5,32.5,32.5,44.5,86
C0H960,草屯,南投縣,草屯鎮,23.973672,120.68085,120,2025/7/29 00:00,0,0,0,0,1.5,34,34,41.5,90
C0H9A0,神木村,南投縣,信義鄉,23.532742,120.843667,1595,2025/7/29 00:00,0,0,0,0,2,20.5,20.5,25,37.5
C1I101,溪頭,南投縣,鹿谷鄉,23.661789,120.807647,1810,2025/7/29 00:00,0,0,0,0,0.5,14,14,16,50
C1G691,下水埔,彰化縣,溪州鄉,23.816114,120.5676,110,2025/7/29 00:00,0,0,0,0,6.5,38.5,38.5,49,92.5
C0F9X0,大雅,臺中市,大雅區,24.215281,120.62445,166,2025/7/29 00:00,0,0,0,4.5,36,84,84,115,118
C0G660,溪湖,彰化縣,溪湖鎮,23.94835,120.479122,27,2025/7/29 00:00,0,0,0,0,40.5,77,77,96.5,107.5
C0I110,竹山,南投縣,竹山鎮,23.761225,120.688156,161,2025/7/29 00:00,0,0,0,0,0,23,23,38,109
C2K240,草嶺,雲林縣,古坑鄉,23.59555,120.693461,1132,2025/7/29 00:00,0,0,0,0,4,23,23,37.5,99
C2I090,鳳凰,南投縣,鹿谷鄉,23.728081,120.787347,910,2025/7/29 00:00,0,0,0,0,0,12.5,12.5,20,100.5
C2G640,鹿港,彰化縣,鹿港鎮,24.0753,120.430481,17,2025/7/29 00:00,0,0,0,0,6.5,21.5,21.5,104,106.5
A1AB70,奇岩,臺北市,北投區,25.123897,121.503113,28,2025/7/29 00:00,0,0,5.5,16.5,16.5,17,17,20,22.5
A1AB60,福德,臺北市,士林區,25.099395,121.528911,14,2025/7/29 00:00,0,0,14,24,24,24,24,26.5,28.5
A1AB50,建國,臺北市,中山區,25.072195,121.528909,25,2025/7/29 00:00,0,0,8.5,13.5,13.5,13.5,13.5,17,19.5
A1AB40,玉成,臺北市,南港區,25.052193,121.582507,27,2025/7/29 00:00,0.5,0,13.5,25,25,25,25,27,28
A1AB30,中洲,臺北市,士林區,25.105298,121.474712,8,2025/7/29 00:00,0,0,7.5,8,8,8,8,13,15
A1AB20,雙園,臺北市,萬華區,25.030298,121.490307,31,2025/7/29 00:00,0,0,1.5,1.5,5.5,5.5,5.5,7.5,8.5
A1AB10,埤腹,臺北市,文山區,24.986395,121.545303,42,2025/7/29 00:00,0.5,0,4.5,7,8.5,8.5,8.5,11.5,13.5
A1AB00,北政國中,臺北市,文山區,24.984393,121.577502,39,2025/7/29 00:00,0,0,5,6,11,11,11,13,15
A1AA90,博嘉國小,臺北市,文山區,25.002193,121.575304,53,2025/7/29 00:00,0.5,0,6,6,6,6.5,6.5,8.5,10.5
A1AA80,市政中心,臺北市,信義區,25.038894,121.556406,83,2025/7/29 00:00,0.5,0,13.5,14.5,14.5,14.5,14.5,17,18
A1AA70,舊莊國小,臺北市,南港區,25.039991,121.619405,38,2025/7/29 00:00,0.5,0.5,8,9,9,9,9,11,11.5
A1AA60,留公國中,臺北市,信義區,25.037192,121.585606,32,2025/7/29 00:00,0,0,11.5,16,16,16,16,18.5,19
A1AA50,東湖國小,臺北市,內湖區,25.069191,121.615007,34,2025/7/29 00:00,0.5,0,14.5,14.5,15,15.5,15.5,17,19.5
A1AA40,碧湖國小,臺北市,內湖區,25.084692,121.591709,33,2025/7/29 00:00,0.5,0,20,20.5,20.5,21,21,23,25
A1AA30,至善國中,臺北市,士林區,25.103294,121.555611,53,2025/7/29 00:00,0.5,0,30,40,40,41,41,43,45.5
A1AA20,平等國小,臺北市,士林區,25.129193,121.576412,427,2025/7/29 00:00,0.5,0,40,40.5,41,42,42,44.5,50
A1AA10,格致國中,臺北市,士林區,25.131395,121.545613,394,2025/7/29 00:00,0,0,33,49,49.5,50,50,55,60
A1AA00,三興國小,臺北市,信義區,25.029194,121.558106,28,2025/7/29 00:00,0,0,11,11,11,11.5,11.5,14,14.5
A1A9Z0,中正國中,臺北市,中正區,25.031696,121.521906,31,2025/7/29 00:00,0,0,5.5,6,6,6,6,9,9.5
A1A9Y0,民生國中,臺北市,松山區,25.059693,121.566707,28,2025/7/29 00:00,0,0,23,30,30,30.5,30.5,32.5,34
A1A9X0,太平國小,臺北市,大同區,25.061696,121.511708,20,2025/7/29 00:00,0,0,6.5,7.5,7.5,7.5,7.5,12.5,15.5
A1A9W0,陽明高中,臺北市,士林區,25.092496,121.51671,18,2025/7/29 00:00,0,0,8.5,15.5,15.5,15.5,15.5,18.5,20
A1A9V0,北投國小,臺北市,北投區,25.133897,121.498913,37,2025/7/29 00:00,0.5,0,9,17.5,18,18,18,21.5,24.5
A1A9U0,桃源國中,臺北市,北投區,25.134398,121.476914,28,2025/7/29 00:00,0,0,10,11.5,11.5,11.5,11.5,16,18
A1A9T0,大屯國小,臺北市,北投區,25.154997,121.503915,318,2025/7/29 00:00,0,0,11.5,25.5,26.5,26.5,26.5,31,35
A1A9S0,湖田國小,臺北市,北投區,25.168595,121.538915,699,2025/7/29 00:00,0.5,0,24.5,24.5,25.5,25.5,25.5,30,35.5
C0F9I0,神岡,臺中市,神岡區,24.272481,120.658314,194,2025/7/29 00:00,0,0,3.5,16.5,58,113,113,165,167
C0AC40,大屯山,臺北市,北投區,25.175675,121.522408,1079,2025/7/29 00:00,0,0,11.5,20,24.5,26,26,34.5,47
C0U770,南澳,宜蘭縣,南澳鄉,24.449347,121.810219,5,2025/7/29 00:00,0,0,0,1.5,26,26,26,26.5,27
C0T9D0,和中,花蓮縣,秀林鄉,24.266761,121.741031,7,2025/7/29 00:00,0,0,0,0,0,0,0,0,0
C0U760,東澳,宜蘭縣,南澳鄉,24.521958,121.833175,22,2025/7/29 00:00,0,0,0,0.5,5.5,6,6,7.5,9.5
C0T9F0,水璉,花蓮縣,壽豐鄉,23.797131,121.542514,251,2025/7/29 00:00,0,0,0,5,18,19.5,19.5,19.5,19.5
C0T9I0,豐濱,花蓮縣,豐濱鄉,23.583897,121.514806,152,2025/7/29 00:00,0,0,0,3,5,8,8,8,8
C0T9H0,加路蘭山,花蓮縣,豐濱鄉,23.682947,121.5274,725,2025/7/29 00:00,0,0,0,5,10,12,12,12,12
